CREATE DATABASE  IF NOT EXISTS `streaming_db` /*!40100 DEFAULT CHARACTER SET utf8mb4 COLLATE utf8mb4_unicode_ci */ /*!80016 DEFAULT ENCRYPTION='N' */;
USE `streaming_db`;
-- MySQL dump 10.13  Distrib 8.0.44, for Win64 (x86_64)
--
-- Host: 127.0.0.1    Database: streaming_db
-- ------------------------------------------------------
-- Server version	8.0.44

/*!40101 SET @OLD_CHARACTER_SET_CLIENT=@@CHARACTER_SET_CLIENT */;
/*!40101 SET @OLD_CHARACTER_SET_RESULTS=@@CHARACTER_SET_RESULTS */;
/*!40101 SET @OLD_COLLATION_CONNECTION=@@COLLATION_CONNECTION */;
/*!50503 SET NAMES utf8 */;
/*!40103 SET @OLD_TIME_ZONE=@@TIME_ZONE */;
/*!40103 SET TIME_ZONE='+00:00' */;
/*!40014 SET @OLD_UNIQUE_CHECKS=@@UNIQUE_CHECKS, UNIQUE_CHECKS=0 */;
/*!40014 SET @OLD_FOREIGN_KEY_CHECKS=@@FOREIGN_KEY_CHECKS, FOREIGN_KEY_CHECKS=0 */;
/*!40101 SET @OLD_SQL_MODE=@@SQL_MODE, SQL_MODE='NO_AUTO_VALUE_ON_ZERO' */;
/*!40111 SET @OLD_SQL_NOTES=@@SQL_NOTES, SQL_NOTES=0 */;

--
-- Table structure for table `actores`
--

DROP TABLE IF EXISTS `actores`;
/*!40101 SET @saved_cs_client     = @@character_set_client */;
/*!50503 SET character_set_client = utf8mb4 */;
CREATE TABLE `actores` (
  `id` int NOT NULL AUTO_INCREMENT,
  `nombre` text COLLATE utf8mb4_unicode_ci NOT NULL,
  PRIMARY KEY (`id`)
) ENGINE=InnoDB AUTO_INCREMENT=220 DEFAULT CHARSET=utf8mb4 COLLATE=utf8mb4_unicode_ci;
/*!40101 SET character_set_client = @saved_cs_client */;

--
-- Dumping data for table `actores`
--

LOCK TABLES `actores` WRITE;
/*!40000 ALTER TABLE `actores` DISABLE KEYS */;
INSERT INTO `actores` VALUES (1,'Melissa McCarthy Chris O\'Dowd Kevin Kline Timothy Olyphant Daveed Diggs Skyler Gisondo Laura Harrier Rosalind Chao Kimberly Quinn Loretta Devine Ravi Kapoor'),(2,'Julie Delpy Elisabeth Shue Sarah Jones Alexia Landeau Mathieu Demy Troy Garity Timm Sharp Giovanni Ribisi'),(3,'Austin Abell Travis Turner Cole Howard Anna Cummer Jesse Inocalla Brian Dobson Michael Adamthwaite Joseph Girgis Caitlyn Bairstow'),(4,'Jide Kosoko Omotola Jalade-Ekeinde Yemi Blaq Sola Sobowale Ken Erics Toyin Aimakhu Segun Arinze Jibola Dabo Rotimi Salami Pa Jimi Solanke Rachael Okonkwo Bassey Okon Lucien Morgan Magdalena Korpas'),(5,'Robyn Slade Kami Desilets'),(6,'Antony Varghese Reshma Rajan Binny Rinky Benjamin Vineeth Vishwam Kichu Tellus Sreekanth Dasan Sarath Kumar Tito Wilson Anandhu Bitto Davis Sinoj Varghese'),(7,'Sukollawat Kanarot Sushar Manaying Pavarit Mongkolpisit Sahajak Boonthanakit Suthipongse Thatphithakkul Bhasaworn Bawronkirati Daweerit Chullasapya Waratthaya Wongchayaporn Kittiphoom Wongpentak Abhicha Thanachanun Nophand Boonyai Kittipong Khamsat Arisara Wongchalee Jaytiya Naiwattanakul Pantipa Arunwattanachai Panupan Jantanawong Kungtap Saelim Phumphat Chartsuriyakiat Issara Veranitinunt Keerati Sivakuae Panjai Sirisuwan Supranee Charoenpol Suda Chuenban Visaka Banhansupavat Pitchatorn Santinatornkul'),(8,'Luna Wedler Jannis Niewöhner Milan Peschel Edin Hasanović Anna Fialová Marlon Boess Victor Boccard Fleur Geffrier Aziz Dyab Mélanie Fouché Elizaveta Maximová'),(9,'Klara Castanho Lucca Picon Júlia Gomes Marcus Bessa Kiria Malheiros Fernanda Concon Gabriel Lima Caio Cabral Leonardo Cidade Jade Cardozo'),(10,'Logan Browning Brandon P. Bell DeRon Horton Antoinette Robertson John Patrick Amedori Ashley Blaine Featherson Marque Richardson Giancarlo Esposito'),(11,'Luis Ernesto Franco Camila Sodi Sergio Goyri Samadhi Zendejas Eduardo Yáñez Sonya Smith Alejandro Camacho Azela Robinson Uriel del Toro Géraldine Bazán Gabriela Roel Marcus Ornellas'),(12,'Freida Pinto Logan Marshall-Green Robert John Burke Megan Elisabeth Kelly Sarah Minnich Hayes Hargrove Mark Sivertsen Brandon Fierro Antonio Valles Clint Obenchain'),(13,'Ama Qamata Khosi Ngema Gail Mabalane Thabang Molaba Dillon Windvogel Natasha Thahane Arno Greeff Xolile Tshabalala Getmore Sithole Cindy Mahlangu Ryle De Morny Greteli Fincham Sello Maake Ka-Ncube Odwa Gwanya Mekaila Mathys Sandi Schultz Duane Williams Shamilla Miller Patrick Mofokeng'),(14,'Blanca Suárez Iván Marcos Óscar Casas Adrián Lastra Francesc Garrido Stefan Weinert Julia Möller Alicia Chojnowski'),(15,'Engin Altan Düzyatan Serdar Gökhan Hülya Darcan Kaan Taşaner Esra Bilgiç Osman Soykut Serdar Deniz Cengiz Coşkun Reshad Strik Hande Subaşı'),(16,'Kamal Hassan Meena Gemini Ganesan Heera Rajgopal Nassar S.P. Balasubrahmanyam'),(17,'Maisie Benson Paul Killam Kerry Gudjohnsen AC Lim'),(18,'Prashanth Aishwarya Rai Bachchan Sri Lakshmi Nassar'),(19,'Brooke Satchwell'),(20,'Arvind Swamy Kajol Prabhu Deva Nassar S.P. Balasubrahmanyam Girish Karnad'),(21,'Adam Sandler Kevin James Chris Rock David Spade Rob Schneider Salma Hayek Maria Bello Maya Rudolph Colin Quinn Tim Meadows Joyce Van Patten'),(22,'Keri Russell Josh Hamilton J.K. Simmons Dakota Goyo Kadan Rockett L.J. Benet Rich Hutchman Myndy Crist Annie Thurman Jake Brennan'),(23,'Sami Bouajila Tracy Gotoas Samuel Jouy Nabiha Akkari Sofia Lesaffre Salim Kechiouche Noureddine Farihi Geert Van Rampelberg Bakary Diombera'),(24,'Liam Hemsworth Gary Oldman Amber Heard Harrison Ford Lucas Till Embeth Davidtz Julian McMahon Josh Holloway Richard Dreyfuss Angela Sarafyan'),(25,'Abhishek Banerjee Rinku Rajguru Delzad Hiwale Kunal Kapoor Zoya Hussain Nikhil Dwivedi Palomi Ghosh'),(26,'Lauren Ash Rory O\'Malley RuPaul Charles Jill Talley Ike Barinholtz Jon Barinholtz Matthew Craig Bob Odenkirk Mike Hagerty Katie Rich Chris Witaske'),(27,'Asa Butterfield Gillian Anderson Ncuti Gatwa Emma Mackey Connor Swindells Kedar Williams-Stirling Alistair Petrie'),(28,'Lee Jung-jae Park Hae-soo Wi Ha-jun Oh Young-soo Jung Ho-yeon Heo Sung-tae Kim Joo-ryoung Tripathi Anupam You Seong-joo Lee You-mi'),(29,'Dami Lee Jason Lee Bommie Catherine Han Jennifer Waescher Nancy Kim'),(30,'Adrian Titieni Elena Purea Judith State Valeriu Andriuță Tudor Smoleanu Virgil Aioanei Radu Botar Petronela Grigorescu Bogdan Nechifor Cristian Bota'),(31,'Gilles Lellouche Karim Leklou François Civil Adèle Exarchopoulos Kenza Fortas Cyril Lecomte Michaël Abiteboul Idir Azougli Vincent Darmuzey Jean-Yves Berteloot'),(32,'Antti Pääkkönen Heljä Heikkinen Lynne Guaglione Pasi Ruohonen Rauno Ahonen'),(33,'Billy Magnussen Ron Yuan Qu Jingjing Terry Chen Vanness Wu Jin Xing Philip Ng Xia Yu Yu Xia'),(34,'Vatsal Dubey Julie Tejwani Rupa Bhimani Jigna Bhardwaj Rajesh Kava Mousam Swapnil'),(35,'Yuri Lowenthal Kimberly Brooks Antony Del Rio Trevor Devall Ben Diskin Grey Griffin David Kaye Tom Kenny Judy Alice Lee Roger Craig Smith Fred Tatasciore'),(36,'Roy Scheider Robert Shaw Richard Dreyfuss Lorraine Gary Murray Hamilton Carl Gottlieb Jeffrey Kramer Susan Backlinie Jonathan Filley Ted Grossman'),(37,'Roy Scheider Lorraine Gary Murray Hamilton Joseph Mascolo Jeffrey Kramer Collin Wilcox Paxton Ann Dusenberry Mark Gruner Barry Coe Susan French'),(38,'Dennis Quaid Bess Armstrong Simon MacCorkindale Louis Gossett Jr. John Putch Lea Thompson P.H. Moriarty Dan Blasko Liz Morris Lisa Maurer'),(39,'Lorraine Gary Lance Guest Mario Van Peebles Karen Young Michael Caine Judith Barsi Mitchell Anderson Lynn Whitfield'),(40,'Denzel Washington Ryan Reynolds Vera Farmiga Brendan Gleeson Sam Shepard Rubén Blades Nora Arnezeder Robert Patrick Liam Cunningham Joel Kinnaman'),(41,'Osas Ighodaro Ini Dima-Okojie Kemi Lala Akindoju Toni Tones Ebenezer Eno Eso Okolocha DIke Patrick Diabuah Karibi Fubara Temisan Emmanuel Timini Egbuson'),(42,'Denzel Washington Ethan Hawke Scott Glenn Tom Berenger Harris Yulin Raymond J. Barry Cliff Curtis Dr. Dre Snoop Dogg Macy Gray Eva Mendes'),(43,'Mayur More Jitendra Kumar Ranjan Raj Alam Khan Ahsaas Channa Revathi Pillai Urvi Singh Arun Kumar'),(44,'Richard Mofe-Damijo Dakore Akande Bimbo Manuel Blossom Chukwujekwu Deyemi Okanlawon Etim Effiong Denola Grey Duke Akintola Eku Edewor Ade Laoye Anee Icha Kevin Ushi Jude Chukwuka Amanda Afolabi'),(45,'Kashmira Irani Chandan Anand Dinesh Mehta Ankit Arora Pushkar Goggiaa Anjali Rana Aarya DharmChand Kumar Amit Behl Maleeka Ghai'),(46,'Kappei Yamaguchi Satsuki Yukino Mieko Harada Koji Tsujitani Houko Kuwashima Kumiko Watanabe Noriko Hidaka Kenichi Ogata Toshiyuki Morikawa Izumi Ogami'),(47,'Kappei Yamaguchi Satsuki Yukino Koji Tsujitani Houko Kuwashima Kumiko Watanabe Ken Narita Akio Otsuka Kikuko Inoue'),(48,'Kappei Yamaguchi Satsuki Yukino Koji Tsujitani Houko Kuwashima Kumiko Watanabe Noriko Hidaka Ken Narita Cho Mamiko Noto Nobutoshi Canna'),(49,'Kappei Yamaguchi Satsuki Yukino Koji Tsujitani Houko Kuwashima Kumiko Watanabe Kenichi Ogata Noriko Hidaka Hisako Kyoda Ken Narita Tomokazu Seki'),(50,'Nicole Byer Jacques Torres'),(51,'Junko Takeuchi Chie Nakamura Rikiya Koyama Kazuhiko Inoue Masaki Terasoma Mie Sonozaki Yuichi Nakamura Kengo Kawanishi Kosei Hirota Masako Katsuki'),(52,'Junko Takeuchi Chie Nakamura Noriaki Sugiyama Unsho Ishizuka Motoko Kumai Kazuhiko Inoue Rikiya Koyama Showtaro Morikubo Nana Mizuki Satoshi Hino Shinji Kawada'),(53,'Junko Takeuchi Chie Nakamura Kazuhiko Inoue Satoshi Hino Showtaro Morikubo Kentaro Ito Ryoka Yuzuki Kohsuke Toriumi Nana Mizuki Shinji Kawada Yoichi Masukawa Koichi Tochika Yukari Tamura'),(54,'Kate Siegel Zach Gilford Hamish Linklater Henry Thomas Kristin Lehman Samantha Sloyan Igby Rigney Rahul Kohli Annarah Cymone Annabeth Gish Alex Essoe Rahul Abburi Matt Biedel Michael Trucco Crystal Balint Louis Oliver'),(55,'Junko Takeuchi Chie Nakamura Yoichi Masukawa Koichi Tochika Ayumi Fujimura Keisuke Oda Daisuke Kishio Fumiko Orikasa Hidetoshi Nakamura Tetsuya Kakihara Kisho Taniyama Miyuki Sawashiro Katsuyuki Konishi Masako Katsuki Keiko Nemoto Masashi Ebara Kazuhiko Inoue Showtaro Morikubo Romi Park Daisuke Ono Seizo Kato'),(56,'Junko Takeuchi Chie Nakamura Satoshi Hino Rikiya Koyama Nobuaki Fukuda Kenji Hamada Keiko Nemoto Saori Hayami Yumi Toma Yuko Kobayashi Fujiko Takimoto Mutsumi Tamura Mayuki Makiguchi Toshiyuki Morikawa'),(57,'Junko Takeuchi Gamon Kaai Chie Nakamura Showtaro Morikubo Akira Ishida Yasuyuki Kase Urara Takano Sachiko Kojima Houko Kuwashima Takako Honda'),(58,'Junko Takeuchi Chie Nakamura Yoichi Masukawa Kazuhiko Inoue Akio Otsuka Kyousuke Ikeda Marika Hayashi Umeji Sasaki Masashi Sugawara Hisao Egawa'),(59,'Junko Takeuchi Noriaki Sugiyama Chie Nakamura Kazuhiko Inoue Yuhko Kaida Tsutomu Isobe Hirotaka Suzuoki Jun Karasawa Harii Kaneko Ikuo Nishikawa'),(60,'Winslow Fegley Lidya Jewett Krysten Ritter'),(61,'Beth Chalmers David Holt Marcel McCalla Teresa Gallagher'),(62,'Mark-Paul Gosselaar Tiffani Thiessen Mario Lopez Lark Voorhies Elizabeth Berkley Dustin Diamond Dennis Haskins'),(63,'Michael Schumacher'),(64,'Vanessa Hudgens Kimiko Glenn James Marsden Sofia Carson Liza Koshy Ken Jeong Elizabeth Perkins Jane Krakowski Michael McKean Phil LaMarr'),(65,'Itatí Cantoral'),(66,'Evan Spiridellis Erin Fitzgerald Jeff Gill Fred Tatasciore Evan Michael Lee Jared Isaacman Sian Proctor Chris Sembroski Hayley Arceneaux'),(67,'Jack Whitehall Michael Whitehall'),(68,'Sola Sobowale Adesua Etomi Remilekun \"Reminisce\"\" Safaru Tobechukwu \"\"iLLbliss\"\" Ejiofor Toni Tones Paul Sambo Jide Kosoko Sharon Ooja\"'),(69,'Bear Grylls Jason Derek Prempeh'),(70,'Daiki Yamashita Kohsuke Toriumi Jun Fukushima Hiroki Yasumoto Showtaro Morikubo Kentaro Ito Daisuke Kishio Yoshitsugu Matsuoka Junichi Suwabe Ayaka Suwa Megumi Han Tomoaki Maeno Tsubasa Yonaga Tetsuya Kakihara Satoshi Hino Hiroyuki Yoshino Atsushi Abe Koji Yusa Kouki Miyata Hiro Shimono Wataru Hatano Yuichi Nakamura Kenji Nojima Mamoru Miyano Daisuke Ono Yuma Uchida Jun Fukuyama'),(71,'Sumriddhi Shukla Jigna Bharadwaj Sonal Kaushal Neshma Chemburkar Ganesh Divekar Annamaya Verma Anamay Verma Manoj Pandey'),(72,'Vijay Sethupathi Parthiban Raashi Khanna'),(73,'Kofi Ghanaba Oyafunmike Ogunlano Alexandra Duah Nick Medley Mutabaruka Afemo Omilami Reggie Carter Mzuri'),(74,'Thomas Brodie-Sangster Felicity Jones Freddie Highmore Patrick Stewart Meera Syal Sanjeev Bhaskar Nonso Anozie'),(75,'Mary Elizabeth Winstead Jun Kunimura Woody Harrelson Tadanobu Asano Miyavi Michiel Huisman Miku Martineau'),(76,'Tom Ellis Lauren German Kevin Alejandro D.B. Woodside Lesley-Ann Brandt Scarlett Estevez Rachael Harris Aimee Garcia Tricia Helfer Tom Welling Jeremiah W. Birkett Pej Vahdat Michael Gladis'),(77,'Jo Koy'),(78,'Funke Akindele Ayo Makun Chioma Chukwuka Akpotha Yemi Eberechi Alade Blossom Chukwujekwu Deyemi Okanlawon Alexx Ekubo Zubby Michael Tina Mba Femi Jacobs'),(79,'Ikue Otani Sarah Natochenny Zeno Robinson Cherami Leigh James Carter Cathcart Michele Knotz Rodger Parsons Ray Chase Casey Mongillo Tara Sands'),(80,'David Kross Hanno Koffler Maria Ehrich Robert Finster Yung Ngo Klaus Steinbacher Livia Matthes Nellie Thalbach'),(81,'Jeon Hae-ri Kim Eun-ah Hong Bum-ki Nam Do-hyeong Um Sang-hyun'),(82,'Malcolm X Muhammad Ali'),(83,'Mel Giedroyc Sue Perkins Mary Berry Paul Hollywood'),(84,'Julie Tejwani Sabina Malik Jigna Bhardwaj Rupa Bhimani Lalit Agarwal Rajesh Shukla Rajesh Kava'),(85,'Emma Roberts Danielle Macdonald Awkwafina Eiza González Milla Jovovich Jeremy Irvine Arnaud Valois Daniel Horvath'),(86,'Pauline Etienne Laurent Capelluto Stefano Cassetti Mehmet Kurtuluş Babetida Sadjo Jan Bijvoet Ksawery Szlenkier Vincent Londez Regina Bikkinina Alba Gaïa Kraghede Bellugi Nabil Mallat'),(87,'Elsa Öhrn Mustapha Aarab Jonay Pineda Skallak Magnus Krepper Loreen Albin Grenholm Simon Mezher Elsa Bergström Terent Josef Kadim Yohannes Frezgi'),(88,'Will Arnett Ludacris Natasha Lyonne Stanley Tucci Jordin Sparks Gabriel Iglesias Shaquille O\'Neal Omar Chaparro Alan Cumming Andy Beckwith Delia Sheppard Kerry Shale'),(89,'Michelle Buteau'),(90,'Ronnie Van Zandt Gary Rossington Allen Collins Leon Wilkeson Bob Burns Billy Powell Ed King Artimus Pyle Steve Gaines Johnny Van Zant'),(91,'Jack Fisher Tom Kenny Amanda C. Miller Kim Yarbrough Keith Ferguson Grey Griffin Lily Rose Silver'),(92,'Antonio Aakeel Chipo Chung Simon Foster Teresa Gallagher Simon Greenall Kate Harbour Paul Panting Rob Rackstraw William Vanderpuye Helen Walsh Keith Wickham Andres Williams Jo Wyatt'),(128,'Melissa McCarthy Chris O\'Dowd Kevin Kline Timothy Olyphant Daveed Diggs Skyler Gisondo Laura Harrier Rosalind Chao Kimberly Quinn Loretta Devine Ravi Kapoor'),(129,'Julie Delpy Elisabeth Shue Sarah Jones Alexia Landeau Mathieu Demy Troy Garity Timm Sharp Giovanni Ribisi'),(130,'Austin Abell Travis Turner Cole Howard Anna Cummer Jesse Inocalla Brian Dobson Michael Adamthwaite Joseph Girgis Caitlyn Bairstow'),(131,'Jide Kosoko Omotola Jalade-Ekeinde Yemi Blaq Sola Sobowale Ken Erics Toyin Aimakhu Segun Arinze Jibola Dabo Rotimi Salami Pa Jimi Solanke Rachael Okonkwo Bassey Okon Lucien Morgan Magdalena Korpas'),(132,'Robyn Slade Kami Desilets'),(133,'Antony Varghese Reshma Rajan Binny Rinky Benjamin Vineeth Vishwam Kichu Tellus Sreekanth Dasan Sarath Kumar Tito Wilson Anandhu Bitto Davis Sinoj Varghese'),(134,'Sukollawat Kanarot Sushar Manaying Pavarit Mongkolpisit Sahajak Boonthanakit Suthipongse Thatphithakkul Bhasaworn Bawronkirati Daweerit Chullasapya Waratthaya Wongchayaporn Kittiphoom Wongpentak Abhicha Thanachanun Nophand Boonyai Kittipong Khamsat Arisara Wongchalee Jaytiya Naiwattanakul Pantipa Arunwattanachai Panupan Jantanawong Kungtap Saelim Phumphat Chartsuriyakiat Issara Veranitinunt Keerati Sivakuae Panjai Sirisuwan Supranee Charoenpol Suda Chuenban Visaka Banhansupavat Pitchatorn Santinatornkul'),(135,'Luna Wedler Jannis Niewöhner Milan Peschel Edin Hasanović Anna Fialová Marlon Boess Victor Boccard Fleur Geffrier Aziz Dyab Mélanie Fouché Elizaveta Maximová'),(136,'Klara Castanho Lucca Picon Júlia Gomes Marcus Bessa Kiria Malheiros Fernanda Concon Gabriel Lima Caio Cabral Leonardo Cidade Jade Cardozo'),(137,'Logan Browning Brandon P. Bell DeRon Horton Antoinette Robertson John Patrick Amedori Ashley Blaine Featherson Marque Richardson Giancarlo Esposito'),(138,'Luis Ernesto Franco Camila Sodi Sergio Goyri Samadhi Zendejas Eduardo Yáñez Sonya Smith Alejandro Camacho Azela Robinson Uriel del Toro Géraldine Bazán Gabriela Roel Marcus Ornellas'),(139,'Freida Pinto Logan Marshall-Green Robert John Burke Megan Elisabeth Kelly Sarah Minnich Hayes Hargrove Mark Sivertsen Brandon Fierro Antonio Valles Clint Obenchain'),(140,'Ama Qamata Khosi Ngema Gail Mabalane Thabang Molaba Dillon Windvogel Natasha Thahane Arno Greeff Xolile Tshabalala Getmore Sithole Cindy Mahlangu Ryle De Morny Greteli Fincham Sello Maake Ka-Ncube Odwa Gwanya Mekaila Mathys Sandi Schultz Duane Williams Shamilla Miller Patrick Mofokeng'),(141,'Blanca Suárez Iván Marcos Óscar Casas Adrián Lastra Francesc Garrido Stefan Weinert Julia Möller Alicia Chojnowski'),(142,'Engin Altan Düzyatan Serdar Gökhan Hülya Darcan Kaan Taşaner Esra Bilgiç Osman Soykut Serdar Deniz Cengiz Coşkun Reshad Strik Hande Subaşı'),(143,'Kamal Hassan Meena Gemini Ganesan Heera Rajgopal Nassar S.P. Balasubrahmanyam'),(144,'Maisie Benson Paul Killam Kerry Gudjohnsen AC Lim'),(145,'Prashanth Aishwarya Rai Bachchan Sri Lakshmi Nassar'),(146,'Brooke Satchwell'),(147,'Arvind Swamy Kajol Prabhu Deva Nassar S.P. Balasubrahmanyam Girish Karnad'),(148,'Adam Sandler Kevin James Chris Rock David Spade Rob Schneider Salma Hayek Maria Bello Maya Rudolph Colin Quinn Tim Meadows Joyce Van Patten'),(149,'Keri Russell Josh Hamilton J.K. Simmons Dakota Goyo Kadan Rockett L.J. Benet Rich Hutchman Myndy Crist Annie Thurman Jake Brennan'),(150,'Sami Bouajila Tracy Gotoas Samuel Jouy Nabiha Akkari Sofia Lesaffre Salim Kechiouche Noureddine Farihi Geert Van Rampelberg Bakary Diombera'),(151,'Liam Hemsworth Gary Oldman Amber Heard Harrison Ford Lucas Till Embeth Davidtz Julian McMahon Josh Holloway Richard Dreyfuss Angela Sarafyan'),(152,'Abhishek Banerjee Rinku Rajguru Delzad Hiwale Kunal Kapoor Zoya Hussain Nikhil Dwivedi Palomi Ghosh'),(153,'Lauren Ash Rory O\'Malley RuPaul Charles Jill Talley Ike Barinholtz Jon Barinholtz Matthew Craig Bob Odenkirk Mike Hagerty Katie Rich Chris Witaske'),(154,'Asa Butterfield Gillian Anderson Ncuti Gatwa Emma Mackey Connor Swindells Kedar Williams-Stirling Alistair Petrie'),(155,'Lee Jung-jae Park Hae-soo Wi Ha-jun Oh Young-soo Jung Ho-yeon Heo Sung-tae Kim Joo-ryoung Tripathi Anupam You Seong-joo Lee You-mi'),(156,'Dami Lee Jason Lee Bommie Catherine Han Jennifer Waescher Nancy Kim'),(157,'Adrian Titieni Elena Purea Judith State Valeriu Andriuță Tudor Smoleanu Virgil Aioanei Radu Botar Petronela Grigorescu Bogdan Nechifor Cristian Bota'),(158,'Gilles Lellouche Karim Leklou François Civil Adèle Exarchopoulos Kenza Fortas Cyril Lecomte Michaël Abiteboul Idir Azougli Vincent Darmuzey Jean-Yves Berteloot'),(159,'Antti Pääkkönen Heljä Heikkinen Lynne Guaglione Pasi Ruohonen Rauno Ahonen'),(160,'Billy Magnussen Ron Yuan Qu Jingjing Terry Chen Vanness Wu Jin Xing Philip Ng Xia Yu Yu Xia'),(161,'Vatsal Dubey Julie Tejwani Rupa Bhimani Jigna Bhardwaj Rajesh Kava Mousam Swapnil'),(162,'Yuri Lowenthal Kimberly Brooks Antony Del Rio Trevor Devall Ben Diskin Grey Griffin David Kaye Tom Kenny Judy Alice Lee Roger Craig Smith Fred Tatasciore'),(163,'Roy Scheider Robert Shaw Richard Dreyfuss Lorraine Gary Murray Hamilton Carl Gottlieb Jeffrey Kramer Susan Backlinie Jonathan Filley Ted Grossman'),(164,'Roy Scheider Lorraine Gary Murray Hamilton Joseph Mascolo Jeffrey Kramer Collin Wilcox Paxton Ann Dusenberry Mark Gruner Barry Coe Susan French'),(165,'Dennis Quaid Bess Armstrong Simon MacCorkindale Louis Gossett Jr. John Putch Lea Thompson P.H. Moriarty Dan Blasko Liz Morris Lisa Maurer'),(166,'Lorraine Gary Lance Guest Mario Van Peebles Karen Young Michael Caine Judith Barsi Mitchell Anderson Lynn Whitfield'),(167,'Denzel Washington Ryan Reynolds Vera Farmiga Brendan Gleeson Sam Shepard Rubén Blades Nora Arnezeder Robert Patrick Liam Cunningham Joel Kinnaman'),(168,'Osas Ighodaro Ini Dima-Okojie Kemi Lala Akindoju Toni Tones Ebenezer Eno Eso Okolocha DIke Patrick Diabuah Karibi Fubara Temisan Emmanuel Timini Egbuson'),(169,'Denzel Washington Ethan Hawke Scott Glenn Tom Berenger Harris Yulin Raymond J. Barry Cliff Curtis Dr. Dre Snoop Dogg Macy Gray Eva Mendes'),(170,'Mayur More Jitendra Kumar Ranjan Raj Alam Khan Ahsaas Channa Revathi Pillai Urvi Singh Arun Kumar'),(171,'Richard Mofe-Damijo Dakore Akande Bimbo Manuel Blossom Chukwujekwu Deyemi Okanlawon Etim Effiong Denola Grey Duke Akintola Eku Edewor Ade Laoye Anee Icha Kevin Ushi Jude Chukwuka Amanda Afolabi'),(172,'Kashmira Irani Chandan Anand Dinesh Mehta Ankit Arora Pushkar Goggiaa Anjali Rana Aarya DharmChand Kumar Amit Behl Maleeka Ghai'),(173,'Kappei Yamaguchi Satsuki Yukino Mieko Harada Koji Tsujitani Houko Kuwashima Kumiko Watanabe Noriko Hidaka Kenichi Ogata Toshiyuki Morikawa Izumi Ogami'),(174,'Kappei Yamaguchi Satsuki Yukino Koji Tsujitani Houko Kuwashima Kumiko Watanabe Ken Narita Akio Otsuka Kikuko Inoue'),(175,'Kappei Yamaguchi Satsuki Yukino Koji Tsujitani Houko Kuwashima Kumiko Watanabe Noriko Hidaka Ken Narita Cho Mamiko Noto Nobutoshi Canna'),(176,'Kappei Yamaguchi Satsuki Yukino Koji Tsujitani Houko Kuwashima Kumiko Watanabe Kenichi Ogata Noriko Hidaka Hisako Kyoda Ken Narita Tomokazu Seki'),(177,'Nicole Byer Jacques Torres'),(178,'Junko Takeuchi Chie Nakamura Rikiya Koyama Kazuhiko Inoue Masaki Terasoma Mie Sonozaki Yuichi Nakamura Kengo Kawanishi Kosei Hirota Masako Katsuki'),(179,'Junko Takeuchi Chie Nakamura Noriaki Sugiyama Unsho Ishizuka Motoko Kumai Kazuhiko Inoue Rikiya Koyama Showtaro Morikubo Nana Mizuki Satoshi Hino Shinji Kawada'),(180,'Junko Takeuchi Chie Nakamura Kazuhiko Inoue Satoshi Hino Showtaro Morikubo Kentaro Ito Ryoka Yuzuki Kohsuke Toriumi Nana Mizuki Shinji Kawada Yoichi Masukawa Koichi Tochika Yukari Tamura'),(181,'Kate Siegel Zach Gilford Hamish Linklater Henry Thomas Kristin Lehman Samantha Sloyan Igby Rigney Rahul Kohli Annarah Cymone Annabeth Gish Alex Essoe Rahul Abburi Matt Biedel Michael Trucco Crystal Balint Louis Oliver'),(182,'Junko Takeuchi Chie Nakamura Yoichi Masukawa Koichi Tochika Ayumi Fujimura Keisuke Oda Daisuke Kishio Fumiko Orikasa Hidetoshi Nakamura Tetsuya Kakihara Kisho Taniyama Miyuki Sawashiro Katsuyuki Konishi Masako Katsuki Keiko Nemoto Masashi Ebara Kazuhiko Inoue Showtaro Morikubo Romi Park Daisuke Ono Seizo Kato'),(183,'Junko Takeuchi Chie Nakamura Satoshi Hino Rikiya Koyama Nobuaki Fukuda Kenji Hamada Keiko Nemoto Saori Hayami Yumi Toma Yuko Kobayashi Fujiko Takimoto Mutsumi Tamura Mayuki Makiguchi Toshiyuki Morikawa'),(184,'Junko Takeuchi Gamon Kaai Chie Nakamura Showtaro Morikubo Akira Ishida Yasuyuki Kase Urara Takano Sachiko Kojima Houko Kuwashima Takako Honda'),(185,'Junko Takeuchi Chie Nakamura Yoichi Masukawa Kazuhiko Inoue Akio Otsuka Kyousuke Ikeda Marika Hayashi Umeji Sasaki Masashi Sugawara Hisao Egawa'),(186,'Junko Takeuchi Noriaki Sugiyama Chie Nakamura Kazuhiko Inoue Yuhko Kaida Tsutomu Isobe Hirotaka Suzuoki Jun Karasawa Harii Kaneko Ikuo Nishikawa'),(187,'Winslow Fegley Lidya Jewett Krysten Ritter'),(188,'Beth Chalmers David Holt Marcel McCalla Teresa Gallagher'),(189,'Mark-Paul Gosselaar Tiffani Thiessen Mario Lopez Lark Voorhies Elizabeth Berkley Dustin Diamond Dennis Haskins'),(190,'Michael Schumacher'),(191,'Vanessa Hudgens Kimiko Glenn James Marsden Sofia Carson Liza Koshy Ken Jeong Elizabeth Perkins Jane Krakowski Michael McKean Phil LaMarr'),(192,'Itatí Cantoral'),(193,'Evan Spiridellis Erin Fitzgerald Jeff Gill Fred Tatasciore Evan Michael Lee Jared Isaacman Sian Proctor Chris Sembroski Hayley Arceneaux'),(194,'Jack Whitehall Michael Whitehall'),(195,'Sola Sobowale Adesua Etomi Remilekun \"Reminisce\"\" Safaru Tobechukwu \"\"iLLbliss\"\" Ejiofor Toni Tones Paul Sambo Jide Kosoko Sharon Ooja\"'),(196,'Bear Grylls Jason Derek Prempeh'),(197,'Daiki Yamashita Kohsuke Toriumi Jun Fukushima Hiroki Yasumoto Showtaro Morikubo Kentaro Ito Daisuke Kishio Yoshitsugu Matsuoka Junichi Suwabe Ayaka Suwa Megumi Han Tomoaki Maeno Tsubasa Yonaga Tetsuya Kakihara Satoshi Hino Hiroyuki Yoshino Atsushi Abe Koji Yusa Kouki Miyata Hiro Shimono Wataru Hatano Yuichi Nakamura Kenji Nojima Mamoru Miyano Daisuke Ono Yuma Uchida Jun Fukuyama'),(198,'Sumriddhi Shukla Jigna Bharadwaj Sonal Kaushal Neshma Chemburkar Ganesh Divekar Annamaya Verma Anamay Verma Manoj Pandey'),(199,'Vijay Sethupathi Parthiban Raashi Khanna'),(200,'Kofi Ghanaba Oyafunmike Ogunlano Alexandra Duah Nick Medley Mutabaruka Afemo Omilami Reggie Carter Mzuri'),(201,'Thomas Brodie-Sangster Felicity Jones Freddie Highmore Patrick Stewart Meera Syal Sanjeev Bhaskar Nonso Anozie'),(202,'Mary Elizabeth Winstead Jun Kunimura Woody Harrelson Tadanobu Asano Miyavi Michiel Huisman Miku Martineau'),(203,'Tom Ellis Lauren German Kevin Alejandro D.B. Woodside Lesley-Ann Brandt Scarlett Estevez Rachael Harris Aimee Garcia Tricia Helfer Tom Welling Jeremiah W. Birkett Pej Vahdat Michael Gladis'),(204,'Jo Koy'),(205,'Funke Akindele Ayo Makun Chioma Chukwuka Akpotha Yemi Eberechi Alade Blossom Chukwujekwu Deyemi Okanlawon Alexx Ekubo Zubby Michael Tina Mba Femi Jacobs'),(206,'Ikue Otani Sarah Natochenny Zeno Robinson Cherami Leigh James Carter Cathcart Michele Knotz Rodger Parsons Ray Chase Casey Mongillo Tara Sands'),(207,'David Kross Hanno Koffler Maria Ehrich Robert Finster Yung Ngo Klaus Steinbacher Livia Matthes Nellie Thalbach'),(208,'Jeon Hae-ri Kim Eun-ah Hong Bum-ki Nam Do-hyeong Um Sang-hyun'),(209,'Malcolm X Muhammad Ali'),(210,'Mel Giedroyc Sue Perkins Mary Berry Paul Hollywood'),(211,'Julie Tejwani Sabina Malik Jigna Bhardwaj Rupa Bhimani Lalit Agarwal Rajesh Shukla Rajesh Kava'),(212,'Emma Roberts Danielle Macdonald Awkwafina Eiza González Milla Jovovich Jeremy Irvine Arnaud Valois Daniel Horvath'),(213,'Pauline Etienne Laurent Capelluto Stefano Cassetti Mehmet Kurtuluş Babetida Sadjo Jan Bijvoet Ksawery Szlenkier Vincent Londez Regina Bikkinina Alba Gaïa Kraghede Bellugi Nabil Mallat'),(214,'Elsa Öhrn Mustapha Aarab Jonay Pineda Skallak Magnus Krepper Loreen Albin Grenholm Simon Mezher Elsa Bergström Terent Josef Kadim Yohannes Frezgi'),(215,'Will Arnett Ludacris Natasha Lyonne Stanley Tucci Jordin Sparks Gabriel Iglesias Shaquille O\'Neal Omar Chaparro Alan Cumming Andy Beckwith Delia Sheppard Kerry Shale'),(216,'Michelle Buteau'),(217,'Ronnie Van Zandt Gary Rossington Allen Collins Leon Wilkeson Bob Burns Billy Powell Ed King Artimus Pyle Steve Gaines Johnny Van Zant'),(218,'Jack Fisher Tom Kenny Amanda C. Miller Kim Yarbrough Keith Ferguson Grey Griffin Lily Rose Silver'),(219,'Antonio Aakeel Chipo Chung Simon Foster Teresa Gallagher Simon Greenall Kate Harbour Paul Panting Rob Rackstraw William Vanderpuye Helen Walsh Keith Wickham Andres Williams Jo Wyatt');
/*!40000 ALTER TABLE `actores` ENABLE KEYS */;
UNLOCK TABLES;

--
-- Table structure for table `contenido`
--

DROP TABLE IF EXISTS `contenido`;
/*!40101 SET @saved_cs_client     = @@character_set_client */;
/*!50503 SET character_set_client = utf8mb4 */;
CREATE TABLE `contenido` (
  `show_id` varchar(20) COLLATE utf8mb4_unicode_ci NOT NULL,
  `type` varchar(20) COLLATE utf8mb4_unicode_ci NOT NULL,
  `title` varchar(500) COLLATE utf8mb4_unicode_ci NOT NULL,
  `director` text COLLATE utf8mb4_unicode_ci,
  `cast` text COLLATE utf8mb4_unicode_ci,
  `country` text COLLATE utf8mb4_unicode_ci,
  `date_added` varchar(50) COLLATE utf8mb4_unicode_ci DEFAULT NULL,
  `release_year` int DEFAULT NULL,
  `rating` varchar(20) COLLATE utf8mb4_unicode_ci DEFAULT NULL,
  `duration` varchar(50) COLLATE utf8mb4_unicode_ci DEFAULT NULL,
  `listed_in` text COLLATE utf8mb4_unicode_ci,
  `description` text COLLATE utf8mb4_unicode_ci,
  PRIMARY KEY (`show_id`),
  KEY `idx_type` (`type`),
  KEY `idx_release_year` (`release_year`),
  KEY `idx_rating` (`rating`),
  KEY `idx_title` (`title`(255))
) ENGINE=InnoDB DEFAULT CHARSET=utf8mb4 COLLATE=utf8mb4_unicode_ci;
/*!40101 SET character_set_client = @saved_cs_client */;

--
-- Dumping data for table `contenido`
--

LOCK TABLES `contenido` WRITE;
/*!40000 ALTER TABLE `contenido` DISABLE KEYS */;
INSERT INTO `contenido` VALUES ('s1','Movie','Dick Johnson Is Dead','Kirsten Johnson','','United States','September 25 2021',2020,'PG-13','90 min','Documentaries','As her father nears the end of his life filmmaker Kirsten Johnson stages his death in inventive and comical ways to help them both face the inevitable.'),('s10','Movie','The Starling','Theodore Melfi','Melissa McCarthy Chris O\'Dowd Kevin Kline Timothy Olyphant Daveed Diggs Skyler Gisondo Laura Harrier Rosalind Chao Kimberly Quinn Loretta Devine Ravi Kapoor','United States','September 24 2021',2021,'PG-13','104 min','Comedies Dramas','A woman adjusting to life after a loss contends with a feisty bird that\'s taken over her garden — and a husband who\'s struggling to find a way forward.'),('s100','TV Show','On the Verge','','Julie Delpy Elisabeth Shue Sarah Jones Alexia Landeau Mathieu Demy Troy Garity Timm Sharp Giovanni Ribisi','France United States','September 7 2021',2021,'TV-MA','1 Season','TV Comedies TV Dramas','Four women — a chef a single mom an heiress and a job seeker — dig into love and work with a generous side of midlife crises in pre-pandemic LA.'),('s101','TV Show','Tobot Galaxy Detectives','','Austin Abell Travis Turner Cole Howard Anna Cummer Jesse Inocalla Brian Dobson Michael Adamthwaite Joseph Girgis Caitlyn Bairstow','','September 7 2021',2019,'TV-Y7','2 Seasons','Kids\' TV','An intergalactic device transforms toy cars into robots: the Tobots! Working with friends to solve mysteries they protect the world from evil.'),('s102','Movie','Untold: Breaking Point','Chapman Way Maclain Way','','United States','September 7 2021',2021,'TV-MA','80 min','Documentaries Sports Movies','Under pressure to continue a winning tradition in American tennis Mardy Fish faced mental health challenges that changed his life on and off the court.'),('s103','TV Show','Countdown: Inspiration4 Mission to Space','Jason Hehir','','','September 6 2021',2021,'TV-14','1 Season','Docuseries Science & Nature TV','From training to launch to landing this all-access docuseries rides along with the Inspiration4 crew on the first all-civilian orbital space mission.'),('s104','Movie','Shadow Parties','Yemi Amodu','Jide Kosoko Omotola Jalade-Ekeinde Yemi Blaq Sola Sobowale Ken Erics Toyin Aimakhu Segun Arinze Jibola Dabo Rotimi Salami Pa Jimi Solanke Rachael Okonkwo Bassey Okon Lucien Morgan Magdalena Korpas','','September 6 2021',2020,'TV-MA','117 min','Dramas International Movies Thrillers','A family faces destruction in a long-running conflict between communities that pits relatives against each other amid attacks and reprisals.'),('s105','TV Show','Tayo the Little Bus','','Robyn Slade Kami Desilets','South Korea','September 6 2021',2016,'TV-Y','2 Seasons','Kids\' TV Korean TV Shows','As they learn their routes around the busy city Tayo and his little bus friends discover new sights and go on exciting adventures every day.'),('s106','Movie','Angamaly Diaries','Lijo Jose Pellissery','Antony Varghese Reshma Rajan Binny Rinky Benjamin Vineeth Vishwam Kichu Tellus Sreekanth Dasan Sarath Kumar Tito Wilson Anandhu Bitto Davis Sinoj Varghese','India','September 5 2021',2017,'TV-14','128 min','Action & Adventure Comedies Dramas','After growing up amidst the gang wars of his hometown Vincent forms an entrepreneurial squad of his own and ends up on the wrong side of the law.'),('s11','TV Show','Vendetta: Truth Lies and The Mafia','','','','September 24 2021',2021,'TV-MA','1 Season','Crime TV Shows Docuseries International TV Shows','Sicily boasts a bold \"Anti-Mafia\"\" coalition. But what happens when those trying to bring down organized crime are accused of being criminals themselves?\"'),('s12','TV Show','Bangkok Breaking','Kongkiat Komesiri','Sukollawat Kanarot Sushar Manaying Pavarit Mongkolpisit Sahajak Boonthanakit Suthipongse Thatphithakkul Bhasaworn Bawronkirati Daweerit Chullasapya Waratthaya Wongchayaporn Kittiphoom Wongpentak Abhicha Thanachanun Nophand Boonyai Kittipong Khamsat Arisara Wongchalee Jaytiya Naiwattanakul Pantipa Arunwattanachai Panupan Jantanawong Kungtap Saelim Phumphat Chartsuriyakiat Issara Veranitinunt Keerati Sivakuae Panjai Sirisuwan Supranee Charoenpol Suda Chuenban Visaka Banhansupavat Pitchatorn Santinatornkul','','September 23 2021',2021,'TV-MA','1 Season','Crime TV Shows International TV Shows TV Action & Adventure','Struggling to earn a living in Bangkok a man joins an emergency rescue service and realizes he must unravel a citywide conspiracy.'),('s13','Movie','Je Suis Karl','Christian Schwochow','Luna Wedler Jannis Niewöhner Milan Peschel Edin Hasanović Anna Fialová Marlon Boess Victor Boccard Fleur Geffrier Aziz Dyab Mélanie Fouché Elizaveta Maximová','Germany Czech Republic','September 23 2021',2021,'TV-MA','127 min','Dramas International Movies','After most of her family is murdered in a terrorist bombing a young woman is unknowingly lured into joining the very group that killed them.'),('s14','Movie','Confessions of an Invisible Girl','Bruno Garotti','Klara Castanho Lucca Picon Júlia Gomes Marcus Bessa Kiria Malheiros Fernanda Concon Gabriel Lima Caio Cabral Leonardo Cidade Jade Cardozo','','September 22 2021',2021,'TV-PG','91 min','Children & Family Movies Comedies','When the clever but socially-awkward Tetê joins a new school she\'ll do anything to fit in. But the queen bee among her classmates has other ideas.'),('s15','TV Show','Crime Stories: India Detectives','','','','September 22 2021',2021,'TV-MA','1 Season','British TV Shows Crime TV Shows Docuseries','Cameras following Bengaluru police on the job offer a rare glimpse into the complex and challenging inner workings of four major crime investigations.'),('s16','TV Show','Dear White People','','Logan Browning Brandon P. Bell DeRon Horton Antoinette Robertson John Patrick Amedori Ashley Blaine Featherson Marque Richardson Giancarlo Esposito','United States','September 22 2021',2021,'TV-MA','4 Seasons','TV Comedies TV Dramas','Students of color navigate the daily slights and slippery politics of life at an Ivy League college that\'s not nearly as \"post-racial\"\" as it thinks.\"'),('s17','Movie','Europe\'s Most Dangerous Man: Otto Skorzeny in Spain','Pedro de Echave García Pablo Azorín Williams','','','September 22 2021',2020,'TV-MA','67 min','Documentaries International Movies','Declassified documents reveal the post-WWII life of Otto Skorzeny a close Hitler ally who escaped to Spain and became an adviser to world presidents.'),('s18','TV Show','Falsa identidad','','Luis Ernesto Franco Camila Sodi Sergio Goyri Samadhi Zendejas Eduardo Yáñez Sonya Smith Alejandro Camacho Azela Robinson Uriel del Toro Géraldine Bazán Gabriela Roel Marcus Ornellas','Mexico','September 22 2021',2020,'TV-MA','2 Seasons','Crime TV Shows Spanish-Language TV Shows TV Dramas','Strangers Diego and Isabel flee their home in Mexico and pretend to be a married couple to escape his drug-dealing enemies and her abusive husband.'),('s19','Movie','Intrusion','Adam Salky','Freida Pinto Logan Marshall-Green Robert John Burke Megan Elisabeth Kelly Sarah Minnich Hayes Hargrove Mark Sivertsen Brandon Fierro Antonio Valles Clint Obenchain','','September 22 2021',2021,'TV-14','94 min','Thrillers','After a deadly home invasion at a couple’s new dream house the traumatized wife searches for answers — and learns the real danger is just beginning.'),('s2','TV Show','Blood & Water','','Ama Qamata Khosi Ngema Gail Mabalane Thabang Molaba Dillon Windvogel Natasha Thahane Arno Greeff Xolile Tshabalala Getmore Sithole Cindy Mahlangu Ryle De Morny Greteli Fincham Sello Maake Ka-Ncube Odwa Gwanya Mekaila Mathys Sandi Schultz Duane Williams Shamilla Miller Patrick Mofokeng','South Africa','September 24 2021',2021,'TV-MA','2 Seasons','International TV Shows TV Dramas TV Mysteries','After crossing paths at a party a Cape Town teen sets out to prove whether a private-school swimming star is her sister who was abducted at birth.'),('s20','TV Show','Jaguar','','Blanca Suárez Iván Marcos Óscar Casas Adrián Lastra Francesc Garrido Stefan Weinert Julia Möller Alicia Chojnowski','','September 22 2021',2021,'TV-MA','1 Season','International TV Shows Spanish-Language TV Shows TV Action & Adventure','In the 1960s a Holocaust survivor joins a group of self-trained spies who seek justice against Nazis fleeing to Spain to hide after WWII.'),('s21','TV Show','Monsters Inside: The 24 Faces of Billy Milligan','Olivier Megaton','','','September 22 2021',2021,'TV-14','1 Season','Crime TV Shows Docuseries International TV Shows','In the late 1970s an accused serial rapist claims multiple personalities control his behavior setting off a legal odyssey that captivates America.'),('s22','TV Show','Resurrection: Ertugrul','','Engin Altan Düzyatan Serdar Gökhan Hülya Darcan Kaan Taşaner Esra Bilgiç Osman Soykut Serdar Deniz Cengiz Coşkun Reshad Strik Hande Subaşı','Turkey','September 22 2021',2018,'TV-14','5 Seasons','International TV Shows TV Action & Adventure TV Dramas','When a good deed unwittingly endangers his clan a 13th-century Turkish warrior agrees to fight a sultan\'s enemies in exchange for new tribal land.'),('s23','Movie','Avvai Shanmughi','K.S. Ravikumar','Kamal Hassan Meena Gemini Ganesan Heera Rajgopal Nassar S.P. Balasubrahmanyam','','September 21 2021',1996,'TV-PG','161 min','Comedies International Movies','Newly divorced and denied visitation rights with his daughter a doting father disguises himself as a gray-haired nanny in order to spend time with her.'),('s24','Movie','Go! Go! Cory Carson: Chrissy Takes the Wheel','Alex Woo Stanley Moore','Maisie Benson Paul Killam Kerry Gudjohnsen AC Lim','','September 21 2021',2021,'TV-Y','61 min','Children & Family Movies','From arcade games to sled days and hiccup cures Cory Carson’s curious little sister Chrissy speeds off on her own for fun and adventure all over town!'),('s25','Movie','Jeans','S. Shankar','Prashanth Aishwarya Rai Bachchan Sri Lakshmi Nassar','India','September 21 2021',1998,'TV-14','166 min','Comedies International Movies Romantic Movies','When the father of the man she loves insists that his twin sons marry twin sisters a woman creates an alter ego that might be a bit too convincing.'),('s26','TV Show','Love on the Spectrum','','Brooke Satchwell','Australia','September 21 2021',2021,'TV-14','2 Seasons','Docuseries International TV Shows Reality TV','Finding love can be hard for anyone. For young adults on the autism spectrum exploring the unpredictable world of dating is even more complicated.'),('s27','Movie','Minsara Kanavu','Rajiv Menon','Arvind Swamy Kajol Prabhu Deva Nassar S.P. Balasubrahmanyam Girish Karnad','','September 21 2021',1997,'TV-PG','147 min','Comedies International Movies Music & Musicals','A tangled love triangle ensues when a man falls for a woman studying to become a nun — and she falls for the friend he enlists to help him pursue her.'),('s28','Movie','Grown Ups','Dennis Dugan','Adam Sandler Kevin James Chris Rock David Spade Rob Schneider Salma Hayek Maria Bello Maya Rudolph Colin Quinn Tim Meadows Joyce Van Patten','United States','September 20 2021',2010,'PG-13','103 min','Comedies','Mourning the loss of their beloved junior high basketball coach five middle-aged pals reunite at a lake house and rediscover the joys of being a kid.'),('s29','Movie','Dark Skies','Scott Stewart','Keri Russell Josh Hamilton J.K. Simmons Dakota Goyo Kadan Rockett L.J. Benet Rich Hutchman Myndy Crist Annie Thurman Jake Brennan','United States','September 19 2021',2013,'PG-13','97 min','Horror Movies Sci-Fi & Fantasy','A family’s idyllic suburban life shatters when an alien force invades their home and as they struggle to convince others of the deadly threat.'),('s3','TV Show','Ganglands','Julien Leclercq','Sami Bouajila Tracy Gotoas Samuel Jouy Nabiha Akkari Sofia Lesaffre Salim Kechiouche Noureddine Farihi Geert Van Rampelberg Bakary Diombera','','September 24 2021',2021,'TV-MA','1 Season','Crime TV Shows International TV Shows TV Action & Adventure','To protect his family from a powerful drug lord skilled thief Mehdi and his expert team of robbers are pulled into a violent and deadly turf war.'),('s30','Movie','Paranoia','Robert Luketic','Liam Hemsworth Gary Oldman Amber Heard Harrison Ford Lucas Till Embeth Davidtz Julian McMahon Josh Holloway Richard Dreyfuss Angela Sarafyan','United States India France','September 19 2021',2013,'PG-13','106 min','Thrillers','Blackmailed by his company\'s CEO a low-level employee finds himself forced to spy on the boss\'s rival and former mentor.'),('s31','Movie','Ankahi Kahaniya','Ashwiny Iyer Tiwari Abhishek Chaubey Saket Chaudhary','Abhishek Banerjee Rinku Rajguru Delzad Hiwale Kunal Kapoor Zoya Hussain Nikhil Dwivedi Palomi Ghosh','','September 17 2021',2021,'TV-14','111 min','Dramas Independent Movies International Movies','As big city life buzzes around them lonely souls discover surprising sources of connection and companionship in three tales of love loss and longing.'),('s32','TV Show','Chicago Party Aunt','','Lauren Ash Rory O\'Malley RuPaul Charles Jill Talley Ike Barinholtz Jon Barinholtz Matthew Craig Bob Odenkirk Mike Hagerty Katie Rich Chris Witaske','','September 17 2021',2021,'TV-MA','1 Season','TV Comedies','Chicago Party Aunt Diane is an idolized troublemaker with a talent for avoiding adulthood — and a soft spot for her soul-searching nephew.'),('s33','TV Show','Sex Education','','Asa Butterfield Gillian Anderson Ncuti Gatwa Emma Mackey Connor Swindells Kedar Williams-Stirling Alistair Petrie','United Kingdom','September 17 2021',2020,'TV-MA','3 Seasons','British TV Shows International TV Shows TV Comedies','Insecure Otis has all the answers when it comes to sex advice thanks to his therapist mom. So rebel Maeve proposes a school sex-therapy clinic.'),('s34','TV Show','Squid Game','','Lee Jung-jae Park Hae-soo Wi Ha-jun Oh Young-soo Jung Ho-yeon Heo Sung-tae Kim Joo-ryoung Tripathi Anupam You Seong-joo Lee You-mi','','September 17 2021',2021,'TV-MA','1 Season','International TV Shows TV Dramas TV Thrillers','Hundreds of cash-strapped players accept a strange invitation to compete in children\'s games. Inside a tempting prize awaits — with deadly high stakes.'),('s35','TV Show','Tayo and Little Wizards','','Dami Lee Jason Lee Bommie Catherine Han Jennifer Waescher Nancy Kim','','September 17 2021',2020,'TV-Y7','1 Season','Kids\' TV','Tayo speeds into an adventure when his friends get kidnapped by evil magicians invading their city in search of a magical gemstone.'),('s36','Movie','The Father Who Moves Mountains','Daniel Sandu','Adrian Titieni Elena Purea Judith State Valeriu Andriuță Tudor Smoleanu Virgil Aioanei Radu Botar Petronela Grigorescu Bogdan Nechifor Cristian Bota','','September 17 2021',2021,'TV-MA','110 min','Dramas International Movies Thrillers','When his son goes missing during a snowy hike in the mountains a retired intelligence officer will stop at nothing — and risk everything — to find him.'),('s37','Movie','The Stronghold','Cédric Jimenez','Gilles Lellouche Karim Leklou François Civil Adèle Exarchopoulos Kenza Fortas Cyril Lecomte Michaël Abiteboul Idir Azougli Vincent Darmuzey Jean-Yves Berteloot','','September 17 2021',2021,'TV-MA','105 min','Action & Adventure Dramas International Movies','Tired of the small-time grind three Marseille cops get a chance to bust a major drug network. But lines blur when a key informant makes a big ask.'),('s38','TV Show','Angry Birds','','Antti Pääkkönen Heljä Heikkinen Lynne Guaglione Pasi Ruohonen Rauno Ahonen','Finland','September 16 2021',2018,'TV-Y7','1 Season','Kids\' TV TV Comedies','Birds Red Chuck and their feathered friends have lots of adventures while guarding eggs in their nest that pesky pigs keep trying to steal.'),('s39','Movie','Birth of the Dragon','George Nolfi','Billy Magnussen Ron Yuan Qu Jingjing Terry Chen Vanness Wu Jin Xing Philip Ng Xia Yu Yu Xia','China Canada United States','September 16 2021',2017,'PG-13','96 min','Action & Adventure Dramas','A young Bruce Lee angers kung fu traditionalists by teaching outsiders leading to a showdown with a Shaolin master in this film based on real events.'),('s4','TV Show','Jailbirds New Orleans','','','','September 24 2021',2021,'TV-MA','1 Season','Docuseries Reality TV','Feuds flirtations and toilet talk go down among the incarcerated women at the Orleans Justice Center in New Orleans on this gritty reality series.'),('s40','TV Show','Chhota Bheem','','Vatsal Dubey Julie Tejwani Rupa Bhimani Jigna Bhardwaj Rajesh Kava Mousam Swapnil','India','September 16 2021',2021,'TV-Y7','3 Seasons','Kids\' TV','A brave energetic little boy with superhuman powers leads his friends on exciting adventures to guard their fellow Dholakpur villagers from evil.'),('s41','TV Show','He-Man and the Masters of the Universe','','Yuri Lowenthal Kimberly Brooks Antony Del Rio Trevor Devall Ben Diskin Grey Griffin David Kaye Tom Kenny Judy Alice Lee Roger Craig Smith Fred Tatasciore','United States','September 16 2021',2021,'TV-Y7','1 Season','Kids\' TV TV Sci-Fi & Fantasy','Mighty teen Adam and his heroic squad of misfits discover the legendary power of Grayskull — and their destiny to defend Eternia from sinister Skeletor.'),('s42','Movie','Jaws','Steven Spielberg','Roy Scheider Robert Shaw Richard Dreyfuss Lorraine Gary Murray Hamilton Carl Gottlieb Jeffrey Kramer Susan Backlinie Jonathan Filley Ted Grossman','United States','September 16 2021',1975,'PG','124 min','Action & Adventure Classic Movies Dramas','When an insatiable great white shark terrorizes Amity Island a police chief an oceanographer and a grizzled shark hunter seek to destroy the beast.'),('s43','Movie','Jaws 2','Jeannot Szwarc','Roy Scheider Lorraine Gary Murray Hamilton Joseph Mascolo Jeffrey Kramer Collin Wilcox Paxton Ann Dusenberry Mark Gruner Barry Coe Susan French','United States','September 16 2021',1978,'PG','116 min','Dramas Horror Movies Thrillers','Four years after the last deadly shark attacks police chief Martin Brody fights to protect Amity Island from another killer great white.'),('s44','Movie','Jaws 3','Joe Alves','Dennis Quaid Bess Armstrong Simon MacCorkindale Louis Gossett Jr. John Putch Lea Thompson P.H. Moriarty Dan Blasko Liz Morris Lisa Maurer','United States','September 16 2021',1983,'PG','98 min','Action & Adventure Horror Movies Thrillers','After the staff of a marine theme park try to capture a young great white shark they discover its mother has invaded the enclosure and is out for blood.'),('s45','Movie','Jaws: The Revenge','Joseph Sargent','Lorraine Gary Lance Guest Mario Van Peebles Karen Young Michael Caine Judith Barsi Mitchell Anderson Lynn Whitfield','United States','September 16 2021',1987,'PG-13','91 min','Action & Adventure Horror Movies Thrillers','After another deadly shark attack Ellen Brody has had enough of Amity Island and moves to the Caribbean – but a great white shark follows her there.'),('s46','Movie','My Heroes Were Cowboys','Tyler Greco','','','September 16 2021',2021,'PG','23 min','Documentaries','Robin Wiltshire\'s painful childhood was rescued by Westerns. Now he lives on the frontier of his dreams training the horses he loves for the big screen.'),('s47','Movie','Safe House','Daniel Espinosa','Denzel Washington Ryan Reynolds Vera Farmiga Brendan Gleeson Sam Shepard Rubén Blades Nora Arnezeder Robert Patrick Liam Cunningham Joel Kinnaman','South Africa United States Japan','September 16 2021',2012,'R','115 min','Action & Adventure','Young CIA operative Matt Weston must get a dangerous criminal out of an agency safe house that\'s come under attack and get him to a securer location.'),('s48','TV Show','The Smart Money Woman','Bunmi Ajakaiye','Osas Ighodaro Ini Dima-Okojie Kemi Lala Akindoju Toni Tones Ebenezer Eno Eso Okolocha DIke Patrick Diabuah Karibi Fubara Temisan Emmanuel Timini Egbuson','','September 16 2021',2020,'TV-MA','1 Season','International TV Shows Romantic TV Shows TV Comedies','Five glamorous millennials strive for success as they juggle careers finances love and friendships. Based on Arese Ugwu\'s 2016 best-selling novel.'),('s49','Movie','Training Day','Antoine Fuqua','Denzel Washington Ethan Hawke Scott Glenn Tom Berenger Harris Yulin Raymond J. Barry Cliff Curtis Dr. Dre Snoop Dogg Macy Gray Eva Mendes','United States','September 16 2021',2001,'R','122 min','Dramas Thrillers','A rookie cop with one day to prove himself to a veteran LAPD narcotics officer receives a crash course in his mentor\'s questionable brand of justice.'),('s5','TV Show','Kota Factory','','Mayur More Jitendra Kumar Ranjan Raj Alam Khan Ahsaas Channa Revathi Pillai Urvi Singh Arun Kumar','India','September 24 2021',2021,'TV-MA','2 Seasons','International TV Shows Romantic TV Shows TV Comedies','In a city of coaching centers known to train India’s finest collegiate minds an earnest but unexceptional student and his friends navigate campus life.'),('s50','TV Show','Castle and Castle','','Richard Mofe-Damijo Dakore Akande Bimbo Manuel Blossom Chukwujekwu Deyemi Okanlawon Etim Effiong Denola Grey Duke Akintola Eku Edewor Ade Laoye Anee Icha Kevin Ushi Jude Chukwuka Amanda Afolabi','Nigeria','September 15 2021',2021,'TV-MA','2 Seasons','International TV Shows TV Dramas','A pair of high-powered successful lawyers find themselves defending opposite interests of the justice system causing a strain on their happy marriage.'),('s51','TV Show','Dharmakshetra','','Kashmira Irani Chandan Anand Dinesh Mehta Ankit Arora Pushkar Goggiaa Anjali Rana Aarya DharmChand Kumar Amit Behl Maleeka Ghai','India','September 15 2021',2014,'TV-PG','1 Season','International TV Shows TV Dramas TV Sci-Fi & Fantasy','After the ancient Great War the god Chitragupta oversees a trial to determine who were the battle\'s true heroes and villains.'),('s52','Movie','InuYasha the Movie 2: The Castle Beyond the Looking Glass','Toshiya Shinohara','Kappei Yamaguchi Satsuki Yukino Mieko Harada Koji Tsujitani Houko Kuwashima Kumiko Watanabe Noriko Hidaka Kenichi Ogata Toshiyuki Morikawa Izumi Ogami','Japan','September 15 2021',2002,'TV-14','99 min','Action & Adventure Anime Features International Movies','With their biggest foe seemingly defeated InuYasha and his friends return to everyday life. But the peace is soon shattered by an emerging new enemy.'),('s53','Movie','InuYasha the Movie 3: Swords of an Honorable Ruler','Toshiya Shinohara','Kappei Yamaguchi Satsuki Yukino Koji Tsujitani Houko Kuwashima Kumiko Watanabe Ken Narita Akio Otsuka Kikuko Inoue','Japan','September 15 2021',2003,'TV-14','99 min','Action & Adventure Anime Features International Movies','The Great Dog Demon beaqueathed one of the Three Swords of the Fang to each of his two sons. Now the evil power of the third sword has been awakened.'),('s54','Movie','InuYasha the Movie 4: Fire on the Mystic Island','Toshiya Shinohara','Kappei Yamaguchi Satsuki Yukino Koji Tsujitani Houko Kuwashima Kumiko Watanabe Noriko Hidaka Ken Narita Cho Mamiko Noto Nobutoshi Canna','Japan','September 15 2021',2004,'TV-PG','88 min','Action & Adventure Anime Features International Movies','Ai a young half-demon who has escaped from Horai Island to try to help her people returns with potential saviors InuYasha Sesshomaru and Kikyo.'),('s55','Movie','InuYasha the Movie: Affections Touching Across Time','Toshiya Shinohara','Kappei Yamaguchi Satsuki Yukino Koji Tsujitani Houko Kuwashima Kumiko Watanabe Kenichi Ogata Noriko Hidaka Hisako Kyoda Ken Narita Tomokazu Seki','Japan','September 15 2021',2001,'TV-PG','100 min','Action & Adventure Anime Features International Movies','A powerful demon has been sealed away for 200 years. But when the demon\'s son is awakened the fate of the world is in jeopardy.'),('s56','TV Show','Nailed It','','Nicole Byer Jacques Torres','United States','September 15 2021',2021,'TV-PG','6 Seasons','Reality TV','Home bakers with a terrible track record take a crack at re-creating edible masterpieces for a $10000 prize. It\'s part reality contest part hot mess.'),('s57','Movie','Naruto Shippuden the Movie: Blood Prison','Masahiko Murata','Junko Takeuchi Chie Nakamura Rikiya Koyama Kazuhiko Inoue Masaki Terasoma Mie Sonozaki Yuichi Nakamura Kengo Kawanishi Kosei Hirota Masako Katsuki','Japan','September 15 2021',2011,'TV-14','102 min','Action & Adventure Anime Features International Movies','Mistakenly accused of an attack on the Fourth Raikage ninja Naruto is imprisoned in the impenetrable Hozuki Castle and his powers are sealed.'),('s58','Movie','Naruto Shippûden the Movie: Bonds','Hajime Kamegaki','Junko Takeuchi Chie Nakamura Noriaki Sugiyama Unsho Ishizuka Motoko Kumai Kazuhiko Inoue Rikiya Koyama Showtaro Morikubo Nana Mizuki Satoshi Hino Shinji Kawada','Japan','September 15 2021',2008,'TV-PG','93 min','Action & Adventure Anime Features International Movies','When strange ninjas ambush the village of Konohagakure it\'s up to adolescent ninja Naruto and his long-missing pal Sasuke to save the planet.'),('s59','Movie','Naruto Shippûden the Movie: The Will of Fire','Masahiko Murata','Junko Takeuchi Chie Nakamura Kazuhiko Inoue Satoshi Hino Showtaro Morikubo Kentaro Ito Ryoka Yuzuki Kohsuke Toriumi Nana Mizuki Shinji Kawada Yoichi Masukawa Koichi Tochika Yukari Tamura','Japan','September 15 2021',2009,'TV-PG','96 min','Action & Adventure Anime Features International Movies','When four out of five ninja villages are destroyed the leader of the one spared tries to find the true culprit and protect his land.'),('s6','TV Show','Midnight Mass','Mike Flanagan','Kate Siegel Zach Gilford Hamish Linklater Henry Thomas Kristin Lehman Samantha Sloyan Igby Rigney Rahul Kohli Annarah Cymone Annabeth Gish Alex Essoe Rahul Abburi Matt Biedel Michael Trucco Crystal Balint Louis Oliver','','September 24 2021',2021,'TV-MA','1 Season','TV Dramas TV Horror TV Mysteries','The arrival of a charismatic young priest brings glorious miracles ominous mysteries and renewed religious fervor to a dying town desperate to believe.'),('s60','Movie','Naruto Shippuden: The Movie','Hajime Kamegaki','Junko Takeuchi Chie Nakamura Yoichi Masukawa Koichi Tochika Ayumi Fujimura Keisuke Oda Daisuke Kishio Fumiko Orikasa Hidetoshi Nakamura Tetsuya Kakihara Kisho Taniyama Miyuki Sawashiro Katsuyuki Konishi Masako Katsuki Keiko Nemoto Masashi Ebara Kazuhiko Inoue Showtaro Morikubo Romi Park Daisuke Ono Seizo Kato','Japan','September 15 2021',2007,'TV-PG','95 min','Action & Adventure Anime Features International Movies','The adventures of adolescent ninja Naruto Uzumaki continue as he\'s tasked with protecting a priestess from a demon – but to do so he must die.'),('s61','Movie','Naruto Shippuden: The Movie: The Lost Tower','Masahiko Murata','Junko Takeuchi Chie Nakamura Satoshi Hino Rikiya Koyama Nobuaki Fukuda Kenji Hamada Keiko Nemoto Saori Hayami Yumi Toma Yuko Kobayashi Fujiko Takimoto Mutsumi Tamura Mayuki Makiguchi Toshiyuki Morikawa','Japan','September 15 2021',2010,'TV-14','85 min','Action & Adventure Anime Features International Movies','When Naruto is sent to recover a missing nin the rogue manages to send him 20 years into the past where he unites with his father to battle evil.'),('s62','Movie','Naruto the Movie 2: Legend of the Stone of Gelel','Hirotsugu Kawasaki','Junko Takeuchi Gamon Kaai Chie Nakamura Showtaro Morikubo Akira Ishida Yasuyuki Kase Urara Takano Sachiko Kojima Houko Kuwashima Takako Honda','Japan','September 15 2021',2005,'TV-PG','97 min','Action & Adventure Anime Features International Movies','While on a mission to return a missing pet Naruto and two fellow ninjas are ambushed by brutal knights led by the enigmatic Temujin.'),('s63','Movie','Naruto the Movie 3: Guardians of the Crescent Moon Kingdom','Toshiyuki Tsuru','Junko Takeuchi Chie Nakamura Yoichi Masukawa Kazuhiko Inoue Akio Otsuka Kyousuke Ikeda Marika Hayashi Umeji Sasaki Masashi Sugawara Hisao Egawa','Japan','September 15 2021',2006,'TV-PG','95 min','Action & Adventure Anime Features International Movies','Exuberant ninja Naruto teams up with his pals Sakura and Kakashi to escort Prince Michiru and his son Hikaru to the Crescent Moon kingdom.'),('s64','Movie','Naruto the Movie: Ninja Clash in the Land of Snow','Tensai Okamura','Junko Takeuchi Noriaki Sugiyama Chie Nakamura Kazuhiko Inoue Yuhko Kaida Tsutomu Isobe Hirotaka Suzuoki Jun Karasawa Harii Kaneko Ikuo Nishikawa','Japan','September 15 2021',2004,'TV-PG','83 min','Action & Adventure Anime Features International Movies','Naruto Sasuke and Sakura learn they\'ll be protecting an actress from being hurt while making her next film but it turns out she\'s a princess.'),('s65','Movie','Nightbooks','David Yarovesky','Winslow Fegley Lidya Jewett Krysten Ritter','','September 15 2021',2021,'TV-PG','103 min','Children & Family Movies','Scary story fan Alex must tell a spine-tingling tale every night — or stay trapped with his new friend in a wicked witch\'s magical apartment forever.'),('s66','TV Show','Numberblocks','','Beth Chalmers David Holt Marcel McCalla Teresa Gallagher','United Kingdom','September 15 2021',2021,'TV-Y','6 Seasons','Kids\' TV','In a place called Numberland math adds up to tons of fun when a group of cheerful blocks work play and sing together.'),('s67','TV Show','Raja Rasoi Aur Anya Kahaniyan','','','India','September 15 2021',2014,'TV-G','1 Season','Docuseries International TV Shows','Explore the history and flavors of regional Indian cuisine from traditional Kashmiri feasts to the vegetarian dishes of Gujarat.'),('s68','TV Show','Saved by the Bell','','Mark-Paul Gosselaar Tiffani Thiessen Mario Lopez Lark Voorhies Elizabeth Berkley Dustin Diamond Dennis Haskins','United States','September 15 2021',1994,'TV-PG','9 Seasons','Kids\' TV TV Comedies','From middle school to college best friends Zack Kelly Slater Jessie Screech and Lisa take on the highs and lows of life together in this hit series.'),('s69','Movie','Schumacher','Hanns-Bruno Kammertöns Vanessa Nöcker Michael Wech','Michael Schumacher','','September 15 2021',2021,'TV-14','113 min','Documentaries International Movies Sports Movies','Through exclusive interviews and archival footage this documentary traces an intimate portrait of seven-time Formula 1 champion Michael Schumacher.'),('s7','Movie','My Little Pony: A New Generation','Robert Cullen José Luis Ucha','Vanessa Hudgens Kimiko Glenn James Marsden Sofia Carson Liza Koshy Ken Jeong Elizabeth Perkins Jane Krakowski Michael McKean Phil LaMarr','','September 24 2021',2021,'PG','91 min','Children & Family Movies','Equestria\'s divided. But a bright-eyed hero believes Earth Ponies Pegasi and Unicorns should be pals — and hoof to heart she’s determined to prove it.'),('s70','TV Show','Stories by Rabindranath Tagore','','','India','September 15 2021',2015,'TV-PG','1 Season','International TV Shows TV Dramas','The writings of Nobel Prize winner Rabindranath Tagore come to life in this collection of tales set in early-20th-century Bengal.'),('s71','TV Show','Too Hot To Handle: Latino','','Itatí Cantoral','','September 15 2021',2021,'TV-MA','1 Season','International TV Shows Reality TV Romantic TV Shows','On this reality show singles from Latin America and Spain are challenged to give up sex. But here abstinence comes with a silver lining: US$100000.'),('s72','Movie','A StoryBots Space Adventure','David A. Vargas','Evan Spiridellis Erin Fitzgerald Jeff Gill Fred Tatasciore Evan Michael Lee Jared Isaacman Sian Proctor Chris Sembroski Hayley Arceneaux','','September 14 2021',2021,'TV-Y','13 min','Children & Family Movies','Join the StoryBots and the space travelers of the historic Inspiration4 mission as they search for answers to kids\' questions about space.'),('s73','TV Show','Jack Whitehall: Travels with My Father','','Jack Whitehall Michael Whitehall','United Kingdom','September 14 2021',2021,'TV-MA','5 Seasons','British TV Shows Docuseries International TV Shows','Jovial comic Jack Whitehall invites his stuffy father Michael to travel with him through Southeast Asia in an attempt to strengthen their bond.'),('s74','Movie','King of Boys','Kemi Adetiba','Sola Sobowale Adesua Etomi Remilekun \"Reminisce\"\" Safaru Tobechukwu \"\"iLLbliss\"\" Ejiofor Toni Tones Paul Sambo Jide Kosoko Sharon Ooja\"','Nigeria','September 14 2021',2018,'TV-MA','182 min','Dramas International Movies','When a powerful businesswoman’s political ambitions are threatened by her underworld connections the ensuing power struggle could cost her everything.'),('s75','TV Show','The World\'s Most Amazing Vacation Rentals','','','','September 14 2021',2021,'TV-PG','2 Seasons','Reality TV','With an eye for every budget three travelers visit vacation rentals around the globe and share their expert tips and tricks in this reality series.'),('s76','Movie','You vs. Wild: Out Cold','Ben Simms','Bear Grylls Jason Derek Prempeh','','September 14 2021',2021,'TV-G','106 min','Children & Family Movies','After a plane crash leaves Bear with amnesia he must make choices to save the missing pilot and survive in this high-stakes interactive adventure.'),('s77','TV Show','Yowamushi Pedal','','Daiki Yamashita Kohsuke Toriumi Jun Fukushima Hiroki Yasumoto Showtaro Morikubo Kentaro Ito Daisuke Kishio Yoshitsugu Matsuoka Junichi Suwabe Ayaka Suwa Megumi Han Tomoaki Maeno Tsubasa Yonaga Tetsuya Kakihara Satoshi Hino Hiroyuki Yoshino Atsushi Abe Koji Yusa Kouki Miyata Hiro Shimono Wataru Hatano Yuichi Nakamura Kenji Nojima Mamoru Miyano Daisuke Ono Yuma Uchida Jun Fukuyama','Japan','September 14 2021',2013,'TV-14','1 Season','Anime Series International TV Shows','A timid anime-loving teen gets drawn into a school cycling club where his new friends help him face tough challenges to develop his racing talent.'),('s78','Movie','Little Singham - Black Shadow','Prakash Satam','Sumriddhi Shukla Jigna Bharadwaj Sonal Kaushal Neshma Chemburkar Ganesh Divekar Annamaya Verma Anamay Verma Manoj Pandey','','September 11 2021',2021,'TV-Y7','48 min','Children & Family Movies Comedies','Kid cop Little Singham loses all his superpowers while trying to stop the demon Kaal’s new evil plans! Can his inner strength help him defeat the enemy?'),('s79','Movie','Tughlaq Durbar','Delhiprasad Deenadayalan','Vijay Sethupathi Parthiban Raashi Khanna','','September 11 2021',2020,'TV-14','145 min','Comedies Dramas International Movies','A budding politician has devious plans to rise in the ranks — until an unexpected new presence begins to interfere with his every crooked move.'),('s8','Movie','Sankofa','Haile Gerima','Kofi Ghanaba Oyafunmike Ogunlano Alexandra Duah Nick Medley Mutabaruka Afemo Omilami Reggie Carter Mzuri','United States Ghana Burkina Faso United Kingdom Germany Ethiopia','September 24 2021',1993,'TV-MA','125 min','Dramas Independent Movies International Movies','On a photo shoot in Ghana an American model slips back in time becomes enslaved on a plantation and bears witness to the agony of her ancestral past.'),('s80','Movie','Tughlaq Durbar (Telugu)','Delhiprasad Deenadayalan','Vijay Sethupathi Parthiban Raashi Khanna','','September 11 2021',2021,'TV-14','145 min','Comedies Dramas International Movies','A budding politician has devious plans to rise in the ranks — until an unexpected new presence begins to interfere with his every crooked move.'),('s81','Movie','Firedrake the Silver Dragon','Tomer Eshed','Thomas Brodie-Sangster Felicity Jones Freddie Highmore Patrick Stewart Meera Syal Sanjeev Bhaskar Nonso Anozie','','September 10 2021',2021,'TV-Y7','93 min','Children & Family Movies','When his home is threatened by humans a young dragon summons the courage to seek a mythical paradise where dragons can live in peace and fly free.'),('s82','Movie','Kate','Cedric Nicolas-Troyan','Mary Elizabeth Winstead Jun Kunimura Woody Harrelson Tadanobu Asano Miyavi Michiel Huisman Miku Martineau','United States','September 10 2021',2021,'R','106 min','Action & Adventure','Slipped a fatal poison on her final job a ruthless assassin working in Tokyo has less than 24 hours to find out who ordered the hit and exact revenge.'),('s83','TV Show','Lucifer','','Tom Ellis Lauren German Kevin Alejandro D.B. Woodside Lesley-Ann Brandt Scarlett Estevez Rachael Harris Aimee Garcia Tricia Helfer Tom Welling Jeremiah W. Birkett Pej Vahdat Michael Gladis','United States','September 10 2021',2021,'TV-14','6 Seasons','Crime TV Shows TV Comedies TV Dramas','Bored with being the Lord of Hell the devil relocates to Los Angeles where he opens a nightclub and forms a connection with a homicide detective.'),('s84','TV Show','Metal Shop Masters','','Jo Koy','','September 10 2021',2021,'TV-MA','1 Season','Reality TV','On this competition show a group of metal artists torch cut and weld epic badass creations from hardened steel. Only one will win a $50000 prize.'),('s85','Movie','Omo Ghetto: the Saga','JJC Skillz Funke Akindele','Funke Akindele Ayo Makun Chioma Chukwuka Akpotha Yemi Eberechi Alade Blossom Chukwujekwu Deyemi Okanlawon Alexx Ekubo Zubby Michael Tina Mba Femi Jacobs','Nigeria','September 10 2021',2020,'TV-MA','147 min','Action & Adventure Comedies Dramas','Twins are reunited as a good-hearted female gangster and her uptight rich sister take on family crime cops and all of the trouble that follows them.'),('s86','TV Show','Pokémon Master Journeys: The Series','','Ikue Otani Sarah Natochenny Zeno Robinson Cherami Leigh James Carter Cathcart Michele Knotz Rodger Parsons Ray Chase Casey Mongillo Tara Sands','','September 10 2021',2021,'TV-Y7','1 Season','Anime Series Kids\' TV','As Ash battles his way through the World Coronation Series Goh continues his quest to catch every Pokémon. Together they\'re on a journey to adventure!'),('s87','Movie','Prey','Thomas Sieben','David Kross Hanno Koffler Maria Ehrich Robert Finster Yung Ngo Klaus Steinbacher Livia Matthes Nellie Thalbach','','September 10 2021',2021,'TV-MA','87 min','International Movies Thrillers','A hiking trip into the wild turns into a desperate bid for survival for five friends on the run from a mysterious shooter.'),('s88','TV Show','Titipo Titipo','','Jeon Hae-ri Kim Eun-ah Hong Bum-ki Nam Do-hyeong Um Sang-hyun','','September 10 2021',2019,'TV-Y','2 Seasons','Kids\' TV Korean TV Shows','Titipo the train is out to prove that he\'s got what it takes to help the folks of Train Village ride the rails safely and reliably.'),('s89','Movie','Blood Brothers: Malcolm X & Muhammad Ali','Marcus Clarke','Malcolm X Muhammad Ali','','September 9 2021',2021,'PG-13','96 min','Documentaries Sports Movies','From a chance meeting to a tragic fallout Malcolm X and Muhammad Ali\'s extraordinary bond cracks under the weight of distrust and shifting ideals.'),('s9','TV Show','The Great British Baking Show','Andy Devonshire','Mel Giedroyc Sue Perkins Mary Berry Paul Hollywood','United Kingdom','September 24 2021',2021,'TV-14','9 Seasons','British TV Shows Reality TV','A talented batch of amateur bakers face off in a 10-week competition whipping up their best dishes in the hopes of being named the U.K.\'s best.'),('s90','TV Show','Mighty Raju','','Julie Tejwani Sabina Malik Jigna Bhardwaj Rupa Bhimani Lalit Agarwal Rajesh Shukla Rajesh Kava','','September 9 2021',2017,'TV-Y7','4 Seasons','Kids\' TV','Born with superhuman abilities young Raju wants to use his powers to make the world a better place — but that will mean facing plenty of challenges!'),('s91','Movie','Paradise Hills','Alice Waddington','Emma Roberts Danielle Macdonald Awkwafina Eiza González Milla Jovovich Jeremy Irvine Arnaud Valois Daniel Horvath','Spain United States','September 9 2021',2019,'TV-MA','95 min','Sci-Fi & Fantasy Thrillers','Uma wakes up in a lush tropical facility designed to turn willful girls into perfect ladies. That’s bad enough but its real purpose is even worse.'),('s92','Movie','The Women and the Murderer','Mona Achache Patricia Tourancheau','','France','September 9 2021',2021,'TV-14','92 min','Documentaries International Movies','This documentary traces the capture of serial killer Guy Georges through the tireless work of two women: a police chief and a victim\'s mother.'),('s93','TV Show','Into the Night','','Pauline Etienne Laurent Capelluto Stefano Cassetti Mehmet Kurtuluş Babetida Sadjo Jan Bijvoet Ksawery Szlenkier Vincent Londez Regina Bikkinina Alba Gaïa Kraghede Bellugi Nabil Mallat','Belgium','September 8 2021',2021,'TV-MA','2 Seasons','International TV Shows TV Dramas TV Mysteries','Passengers and crew aboard a hijacked overnight flight scramble to outrace the sun as a mysterious cosmic event wreaks havoc on the world below.'),('s94','Movie','JJ+E','Alexis Almström','Elsa Öhrn Mustapha Aarab Jonay Pineda Skallak Magnus Krepper Loreen Albin Grenholm Simon Mezher Elsa Bergström Terent Josef Kadim Yohannes Frezgi','','September 8 2021',2021,'TV-MA','91 min','Dramas International Movies Romantic Movies','Elisabeth and John-John live in the same city but they inhabit different worlds. Can a passionate first love break through class and cultural barriers?'),('s95','Movie','Show Dogs','Raja Gosnell','Will Arnett Ludacris Natasha Lyonne Stanley Tucci Jordin Sparks Gabriel Iglesias Shaquille O\'Neal Omar Chaparro Alan Cumming Andy Beckwith Delia Sheppard Kerry Shale','United Kingdom United States','September 8 2021',2018,'PG','90 min','Children & Family Movies Comedies','A rough and tough police dog must go undercover with an FBI agent as a prim and proper pet at a dog show to save a baby panda from an illegal sale.'),('s96','TV Show','The Circle','','Michelle Buteau','United States United Kingdom','September 8 2021',2021,'TV-MA','3 Seasons','Reality TV','Status and strategy collide in this social experiment and competition show where online players flirt befriend and catfish their way toward $100000.'),('s97','Movie','If I Leave Here Tomorrow: A Film About Lynyrd Skynyrd','Stephen Kijak','Ronnie Van Zandt Gary Rossington Allen Collins Leon Wilkeson Bob Burns Billy Powell Ed King Artimus Pyle Steve Gaines Johnny Van Zant','United States','September 7 2021',2018,'TV-MA','97 min','Documentaries Music & Musicals','Using interviews and archival footage this documentary charts the story of the legendary Southern rockers with a focus on front man Ronnie Van Zant.'),('s98','TV Show','Kid Cosmic','','Jack Fisher Tom Kenny Amanda C. Miller Kim Yarbrough Keith Ferguson Grey Griffin Lily Rose Silver','United States','September 7 2021',2021,'TV-Y7','2 Seasons','Kids\' TV TV Comedies TV Sci-Fi & Fantasy','A boy\'s superhero dreams come true when he finds five powerful cosmic stones. But saving the day is harder than he imagined — and he can\'t do it alone.'),('s99','TV Show','Octonauts: Above & Beyond','','Antonio Aakeel Chipo Chung Simon Foster Teresa Gallagher Simon Greenall Kate Harbour Paul Panting Rob Rackstraw William Vanderpuye Helen Walsh Keith Wickham Andres Williams Jo Wyatt','United Kingdom','September 7 2021',2021,'TV-Y','1 Season','British TV Shows Kids\' TV','The Octonauts expand their exploration beyond the sea — and onto land! With new rides and new friends they\'ll protect any habitats and animals at risk.');
/*!40000 ALTER TABLE `contenido` ENABLE KEYS */;
UNLOCK TABLES;

--
-- Table structure for table `contenido_actores`
--

DROP TABLE IF EXISTS `contenido_actores`;
/*!40101 SET @saved_cs_client     = @@character_set_client */;
/*!50503 SET character_set_client = utf8mb4 */;
CREATE TABLE `contenido_actores` (
  `show_id` varchar(20) COLLATE utf8mb4_unicode_ci NOT NULL,
  `actor_id` int NOT NULL,
  PRIMARY KEY (`show_id`,`actor_id`),
  KEY `actor_id` (`actor_id`),
  CONSTRAINT `contenido_actores_ibfk_1` FOREIGN KEY (`show_id`) REFERENCES `contenido` (`show_id`) ON DELETE CASCADE,
  CONSTRAINT `contenido_actores_ibfk_2` FOREIGN KEY (`actor_id`) REFERENCES `actores` (`id`) ON DELETE CASCADE
) ENGINE=InnoDB DEFAULT CHARSET=utf8mb4 COLLATE=utf8mb4_unicode_ci;
/*!40101 SET character_set_client = @saved_cs_client */;

--
-- Dumping data for table `contenido_actores`
--

LOCK TABLES `contenido_actores` WRITE;
/*!40000 ALTER TABLE `contenido_actores` DISABLE KEYS */;
INSERT INTO `contenido_actores` VALUES ('s10',1),('s100',2),('s101',3),('s104',4),('s105',5),('s106',6),('s12',7),('s13',8),('s14',9),('s16',10),('s18',11),('s19',12),('s2',13),('s20',14),('s22',15),('s23',16),('s24',17),('s25',18),('s26',19),('s27',20),('s28',21),('s29',22),('s3',23),('s30',24),('s31',25),('s32',26),('s33',27),('s34',28),('s35',29),('s36',30),('s37',31),('s38',32),('s39',33),('s40',34),('s41',35),('s42',36),('s43',37),('s44',38),('s45',39),('s47',40),('s48',41),('s49',42),('s5',43),('s50',44),('s51',45),('s52',46),('s53',47),('s54',48),('s55',49),('s56',50),('s57',51),('s58',52),('s59',53),('s6',54),('s60',55),('s61',56),('s62',57),('s63',58),('s64',59),('s65',60),('s66',61),('s68',62),('s69',63),('s7',64),('s71',65),('s72',66),('s73',67),('s74',68),('s76',69),('s77',70),('s78',71),('s79',72),('s80',72),('s8',73),('s81',74),('s82',75),('s83',76),('s84',77),('s85',78),('s86',79),('s87',80),('s88',81),('s89',82),('s9',83),('s90',84),('s91',85),('s93',86),('s94',87),('s95',88),('s96',89),('s97',90),('s98',91),('s99',92);
/*!40000 ALTER TABLE `contenido_actores` ENABLE KEYS */;
UNLOCK TABLES;

--
-- Table structure for table `contenido_directores`
--

DROP TABLE IF EXISTS `contenido_directores`;
/*!40101 SET @saved_cs_client     = @@character_set_client */;
/*!50503 SET character_set_client = utf8mb4 */;
CREATE TABLE `contenido_directores` (
  `show_id` varchar(20) COLLATE utf8mb4_unicode_ci NOT NULL,
  `director_id` int NOT NULL,
  PRIMARY KEY (`show_id`,`director_id`),
  KEY `director_id` (`director_id`),
  CONSTRAINT `contenido_directores_ibfk_1` FOREIGN KEY (`show_id`) REFERENCES `contenido` (`show_id`) ON DELETE CASCADE,
  CONSTRAINT `contenido_directores_ibfk_2` FOREIGN KEY (`director_id`) REFERENCES `directores` (`id`) ON DELETE CASCADE
) ENGINE=InnoDB DEFAULT CHARSET=utf8mb4 COLLATE=utf8mb4_unicode_ci;
/*!40101 SET character_set_client = @saved_cs_client */;

--
-- Dumping data for table `contenido_directores`
--

LOCK TABLES `contenido_directores` WRITE;
/*!40000 ALTER TABLE `contenido_directores` DISABLE KEYS */;
INSERT INTO `contenido_directores` VALUES ('s1',1),('s10',2),('s102',3),('s103',4),('s104',5),('s106',6),('s12',7),('s13',8),('s14',9),('s17',10),('s19',11),('s21',12),('s23',13),('s24',14),('s25',15),('s27',16),('s28',17),('s29',18),('s3',19),('s30',20),('s31',21),('s36',22),('s37',23),('s39',24),('s42',25),('s43',26),('s44',27),('s45',28),('s46',29),('s47',30),('s48',31),('s49',32),('s52',33),('s53',33),('s54',33),('s55',33),('s57',34),('s59',34),('s61',34),('s58',35),('s60',35),('s6',36),('s62',37),('s63',38),('s64',39),('s65',40),('s69',41),('s7',42),('s72',43),('s74',44),('s76',45),('s78',46),('s79',47),('s80',47),('s8',48),('s81',49),('s82',50),('s85',51),('s87',52),('s89',53),('s9',54),('s91',55),('s92',56),('s94',57),('s95',58),('s97',59),('s1',64),('s10',65),('s102',66),('s103',67),('s104',68),('s106',69),('s12',70),('s13',71),('s14',72),('s17',73),('s19',74),('s21',75),('s23',76),('s24',77),('s25',78),('s27',79),('s28',80),('s29',81),('s3',82),('s30',83),('s31',84),('s36',85),('s37',86),('s39',87),('s42',88),('s43',89),('s44',90),('s45',91),('s46',92),('s47',93),('s48',94),('s49',95),('s52',96),('s53',96),('s54',96),('s55',96),('s57',97),('s59',97),('s61',97),('s58',98),('s60',98),('s6',99),('s62',100),('s63',101),('s64',102),('s65',103),('s69',104),('s7',105),('s72',106),('s74',107),('s76',108),('s78',109),('s79',110),('s80',110),('s8',111),('s81',112),('s82',113),('s85',114),('s87',115),('s89',116),('s9',117),('s91',118),('s92',119),('s94',120),('s95',121),('s97',122);
/*!40000 ALTER TABLE `contenido_directores` ENABLE KEYS */;
UNLOCK TABLES;

--
-- Table structure for table `contenido_generos`
--

DROP TABLE IF EXISTS `contenido_generos`;
/*!40101 SET @saved_cs_client     = @@character_set_client */;
/*!50503 SET character_set_client = utf8mb4 */;
CREATE TABLE `contenido_generos` (
  `show_id` varchar(20) COLLATE utf8mb4_unicode_ci NOT NULL,
  `genero_id` int NOT NULL,
  PRIMARY KEY (`show_id`,`genero_id`),
  KEY `genero_id` (`genero_id`),
  CONSTRAINT `contenido_generos_ibfk_1` FOREIGN KEY (`show_id`) REFERENCES `contenido` (`show_id`) ON DELETE CASCADE,
  CONSTRAINT `contenido_generos_ibfk_2` FOREIGN KEY (`genero_id`) REFERENCES `generos` (`id`) ON DELETE CASCADE
) ENGINE=InnoDB DEFAULT CHARSET=utf8mb4 COLLATE=utf8mb4_unicode_ci;
/*!40101 SET character_set_client = @saved_cs_client */;

--
-- Dumping data for table `contenido_generos`
--

LOCK TABLES `contenido_generos` WRITE;
/*!40000 ALTER TABLE `contenido_generos` DISABLE KEYS */;
INSERT INTO `contenido_generos` VALUES ('s1',1),('s46',1),('s10',2),('s100',3),('s16',3),('s101',4),('s35',4),('s40',4),('s66',4),('s90',4),('s102',5),('s89',5),('s103',6),('s104',7),('s36',7),('s105',8),('s88',8),('s106',9),('s85',9),('s11',10),('s21',10),('s12',11),('s3',11),('s13',12),('s74',12),('s14',13),('s78',13),('s95',13),('s15',14),('s17',15),('s92',15),('s18',16),('s19',17),('s30',17),('s2',18),('s93',18),('s20',19),('s22',20),('s23',21),('s24',22),('s65',22),('s7',22),('s72',22),('s76',22),('s81',22),('s25',23),('s26',24),('s27',25),('s28',26),('s29',27),('s31',28),('s8',28),('s32',29),('s33',30),('s34',31),('s37',32),('s38',33),('s68',33),('s39',34),('s4',35),('s41',36),('s42',37),('s43',38),('s44',39),('s45',39),('s47',40),('s82',40),('s48',41),('s5',41),('s49',42),('s50',43),('s70',43),('s51',44),('s52',45),('s53',45),('s54',45),('s55',45),('s57',45),('s58',45),('s59',45),('s60',45),('s61',45),('s62',45),('s63',45),('s64',45),('s56',46),('s75',46),('s84',46),('s96',46),('s6',47),('s67',48),('s69',49),('s71',50),('s73',51),('s77',52),('s79',53),('s80',53),('s83',54),('s86',55),('s87',56),('s9',57),('s91',58),('s94',59),('s97',60),('s98',61),('s99',62);
/*!40000 ALTER TABLE `contenido_generos` ENABLE KEYS */;
UNLOCK TABLES;

--
-- Table structure for table `contenido_paises`
--

DROP TABLE IF EXISTS `contenido_paises`;
/*!40101 SET @saved_cs_client     = @@character_set_client */;
/*!50503 SET character_set_client = utf8mb4 */;
CREATE TABLE `contenido_paises` (
  `show_id` varchar(20) COLLATE utf8mb4_unicode_ci NOT NULL,
  `pais_id` int NOT NULL,
  PRIMARY KEY (`show_id`,`pais_id`),
  KEY `pais_id` (`pais_id`),
  CONSTRAINT `contenido_paises_ibfk_1` FOREIGN KEY (`show_id`) REFERENCES `contenido` (`show_id`) ON DELETE CASCADE,
  CONSTRAINT `contenido_paises_ibfk_2` FOREIGN KEY (`pais_id`) REFERENCES `paises` (`id`) ON DELETE CASCADE
) ENGINE=InnoDB DEFAULT CHARSET=utf8mb4 COLLATE=utf8mb4_unicode_ci;
/*!40101 SET character_set_client = @saved_cs_client */;

--
-- Dumping data for table `contenido_paises`
--

LOCK TABLES `contenido_paises` WRITE;
/*!40000 ALTER TABLE `contenido_paises` DISABLE KEYS */;
INSERT INTO `contenido_paises` VALUES ('s1',1),('s10',1),('s102',1),('s16',1),('s28',1),('s29',1),('s41',1),('s42',1),('s43',1),('s44',1),('s45',1),('s49',1),('s56',1),('s68',1),('s82',1),('s83',1),('s97',1),('s98',1),('s100',2),('s105',3),('s106',4),('s25',4),('s40',4),('s5',4),('s51',4),('s67',4),('s70',4),('s13',5),('s18',6),('s2',7),('s22',8),('s26',9),('s30',10),('s33',11),('s66',11),('s73',11),('s9',11),('s99',11),('s38',12),('s39',13),('s47',14),('s50',15),('s74',15),('s85',15),('s52',16),('s53',16),('s54',16),('s55',16),('s57',16),('s58',16),('s59',16),('s60',16),('s61',16),('s62',16),('s63',16),('s64',16),('s77',16),('s8',17),('s91',18),('s92',19),('s93',20),('s95',21),('s96',22);
/*!40000 ALTER TABLE `contenido_paises` ENABLE KEYS */;
UNLOCK TABLES;

--
-- Table structure for table `directores`
--

DROP TABLE IF EXISTS `directores`;
/*!40101 SET @saved_cs_client     = @@character_set_client */;
/*!50503 SET character_set_client = utf8mb4 */;
CREATE TABLE `directores` (
  `id` int NOT NULL AUTO_INCREMENT,
  `nombre` varchar(255) COLLATE utf8mb4_unicode_ci NOT NULL,
  PRIMARY KEY (`id`)
) ENGINE=InnoDB AUTO_INCREMENT=200 DEFAULT CHARSET=utf8mb4 COLLATE=utf8mb4_unicode_ci;
/*!40101 SET character_set_client = @saved_cs_client */;

--
-- Dumping data for table `directores`
--

LOCK TABLES `directores` WRITE;
/*!40000 ALTER TABLE `directores` DISABLE KEYS */;
INSERT INTO `directores` VALUES (1,'Kirsten Johnson'),(2,'Theodore Melfi'),(3,'Chapman Way Maclain Way'),(4,'Jason Hehir'),(5,'Yemi Amodu'),(6,'Lijo Jose Pellissery'),(7,'Kongkiat Komesiri'),(8,'Christian Schwochow'),(9,'Bruno Garotti'),(10,'Pedro de Echave García Pablo Azorín Williams'),(11,'Adam Salky'),(12,'Olivier Megaton'),(13,'K.S. Ravikumar'),(14,'Alex Woo Stanley Moore'),(15,'S. Shankar'),(16,'Rajiv Menon'),(17,'Dennis Dugan'),(18,'Scott Stewart'),(19,'Julien Leclercq'),(20,'Robert Luketic'),(21,'Ashwiny Iyer Tiwari Abhishek Chaubey Saket Chaudhary'),(22,'Daniel Sandu'),(23,'Cédric Jimenez'),(24,'George Nolfi'),(25,'Steven Spielberg'),(26,'Jeannot Szwarc'),(27,'Joe Alves'),(28,'Joseph Sargent'),(29,'Tyler Greco'),(30,'Daniel Espinosa'),(31,'Bunmi Ajakaiye'),(32,'Antoine Fuqua'),(33,'Toshiya Shinohara'),(34,'Masahiko Murata'),(35,'Hajime Kamegaki'),(36,'Mike Flanagan'),(37,'Hirotsugu Kawasaki'),(38,'Toshiyuki Tsuru'),(39,'Tensai Okamura'),(40,'David Yarovesky'),(41,'Hanns-Bruno Kammertöns Vanessa Nöcker Michael Wech'),(42,'Robert Cullen José Luis Ucha'),(43,'David A. Vargas'),(44,'Kemi Adetiba'),(45,'Ben Simms'),(46,'Prakash Satam'),(47,'Delhiprasad Deenadayalan'),(48,'Haile Gerima'),(49,'Tomer Eshed'),(50,'Cedric Nicolas-Troyan'),(51,'JJC Skillz Funke Akindele'),(52,'Thomas Sieben'),(53,'Marcus Clarke'),(54,'Andy Devonshire'),(55,'Alice Waddington'),(56,'Mona Achache Patricia Tourancheau'),(57,'Alexis Almström'),(58,'Raja Gosnell'),(59,'Stephen Kijak'),(60,'Hajime Kamegaki'),(61,'Masahiko Murata'),(62,'Hirotsugu Kawasaki'),(63,'Toshiyuki Tsuru'),(64,'Kirsten Johnson'),(65,'Theodore Melfi'),(66,'Chapman Way Maclain Way'),(67,'Jason Hehir'),(68,'Yemi Amodu'),(69,'Lijo Jose Pellissery'),(70,'Kongkiat Komesiri'),(71,'Christian Schwochow'),(72,'Bruno Garotti'),(73,'Pedro de Echave García Pablo Azorín Williams'),(74,'Adam Salky'),(75,'Olivier Megaton'),(76,'K.S. Ravikumar'),(77,'Alex Woo Stanley Moore'),(78,'S. Shankar'),(79,'Rajiv Menon'),(80,'Dennis Dugan'),(81,'Scott Stewart'),(82,'Julien Leclercq'),(83,'Robert Luketic'),(84,'Ashwiny Iyer Tiwari Abhishek Chaubey Saket Chaudhary'),(85,'Daniel Sandu'),(86,'Cédric Jimenez'),(87,'George Nolfi'),(88,'Steven Spielberg'),(89,'Jeannot Szwarc'),(90,'Joe Alves'),(91,'Joseph Sargent'),(92,'Tyler Greco'),(93,'Daniel Espinosa'),(94,'Bunmi Ajakaiye'),(95,'Antoine Fuqua'),(96,'Toshiya Shinohara'),(97,'Masahiko Murata'),(98,'Hajime Kamegaki'),(99,'Mike Flanagan'),(100,'Hirotsugu Kawasaki'),(101,'Toshiyuki Tsuru'),(102,'Tensai Okamura'),(103,'David Yarovesky'),(104,'Hanns-Bruno Kammertöns Vanessa Nöcker Michael Wech'),(105,'Robert Cullen José Luis Ucha'),(106,'David A. Vargas'),(107,'Kemi Adetiba'),(108,'Ben Simms'),(109,'Prakash Satam'),(110,'Delhiprasad Deenadayalan'),(111,'Haile Gerima'),(112,'Tomer Eshed'),(113,'Cedric Nicolas-Troyan'),(114,'JJC Skillz Funke Akindele'),(115,'Thomas Sieben'),(116,'Marcus Clarke'),(117,'Andy Devonshire'),(118,'Alice Waddington'),(119,'Mona Achache Patricia Tourancheau'),(120,'Alexis Almström'),(121,'Raja Gosnell'),(122,'Stephen Kijak'),(123,'Jane Campion'),(124,''),(125,''),(126,''),(127,'Vidhu Vinod Chopra'),(128,'Mark Rosman'),(129,'Gilles Paquet-Brenner'),(130,'Lasse Hallström'),(131,'Scott Pleydell-Pearce'),(132,'Ridley Scott'),(133,''),(134,'Neill Blomkamp'),(135,'Phillip Noyce'),(136,'Renny Harlin'),(137,'Anthony Minghella'),(138,'Simon Wincer'),(139,'Lasse Hallström'),(140,'Spike Lee'),(141,'Sebastián Schindel'),(142,'Steven C. Miller'),(143,'Richard LaGravenese'),(144,'Martin Campbell'),(145,'Reginald Hudlin'),(146,'George Jackson, Doug McHenry'),(147,'Eric Meza'),(148,''),(149,'Gerhard Mostert'),(150,'Michael Martin'),(151,'Michael Rymer'),(152,'Andrew Lau Wai-keung, Alan Mak'),(153,'Brett Weiner'),(154,''),(155,''),(156,'Jim Henson'),(157,'Gary Winick'),(158,'Danishka Esterhazy'),(159,'Troy Byer'),(160,'Pang Ho-cheung'),(161,''),(162,'Tim Burton'),(163,'Reginald Hudlin'),(164,'David Zucker'),(165,'Kinka Usher'),(166,''),(167,'Sergio Leone'),(168,'Matthew O\'Callaghan, Todd Wilderman'),(169,'Bobby Farrelly, Peter Farrelly'),(170,'Wolfgang Petersen'),(171,'Peter Spirer'),(172,'Michael Carney'),(173,'Richard Linklater'),(174,'Amy Rice'),(175,'Antoine Fuqua'),(176,'Randal Kleiser'),(177,'Michael Ritchie'),(178,'J. Lee Thompson'),(179,'Evan Goldberg, Seth Rogen'),(180,'Tom Shadyac'),(181,'Peter Segal'),(182,''),(183,'Malcolm D. Lee'),(184,'Wolfgang Petersen'),(185,''),(186,'Chapman Way, Maclain Way'),(187,''),(188,''),(189,'Ramzy Bedia, Éric Judor'),(190,''),(191,'Sharan Koppisetty'),(192,'Taylor Sheridan'),(193,'Sachin Yardi'),(194,''),(195,''),(196,'Saurabh Kabra'),(197,'Mark Waters'),(198,''),(199,'Kemi Adetiba');
/*!40000 ALTER TABLE `directores` ENABLE KEYS */;
UNLOCK TABLES;

--
-- Table structure for table `generos`
--

DROP TABLE IF EXISTS `generos`;
/*!40101 SET @saved_cs_client     = @@character_set_client */;
/*!50503 SET character_set_client = utf8mb4 */;
CREATE TABLE `generos` (
  `id` int NOT NULL AUTO_INCREMENT,
  `nombre` varchar(100) COLLATE utf8mb4_unicode_ci NOT NULL,
  PRIMARY KEY (`id`)
) ENGINE=InnoDB AUTO_INCREMENT=200 DEFAULT CHARSET=utf8mb4 COLLATE=utf8mb4_unicode_ci;
/*!40101 SET character_set_client = @saved_cs_client */;

--
-- Dumping data for table `generos`
--

LOCK TABLES `generos` WRITE;
/*!40000 ALTER TABLE `generos` DISABLE KEYS */;
INSERT INTO `generos` VALUES (1,'Documentaries'),(2,'Comedies Dramas'),(3,'TV Comedies TV Dramas'),(4,'Kids\' TV'),(5,'Documentaries Sports Movies'),(6,'Docuseries Science & Nature TV'),(7,'Dramas International Movies Thrillers'),(8,'Kids\' TV Korean TV Shows'),(9,'Action & Adventure Comedies Dramas'),(10,'Crime TV Shows Docuseries International TV Shows'),(11,'Crime TV Shows International TV Shows TV Action & Adventure'),(12,'Dramas International Movies'),(13,'Children & Family Movies Comedies'),(14,'British TV Shows Crime TV Shows Docuseries'),(15,'Documentaries International Movies'),(16,'Crime TV Shows Spanish-Language TV Shows TV Dramas'),(17,'Thrillers'),(18,'International TV Shows TV Dramas TV Mysteries'),(19,'International TV Shows Spanish-Language TV Shows TV Action & Adventure'),(20,'International TV Shows TV Action & Adventure TV Dramas'),(21,'Comedies International Movies'),(22,'Children & Family Movies'),(23,'Comedies International Movies Romantic Movies'),(24,'Docuseries International TV Shows Reality TV'),(25,'Comedies International Movies Music & Musicals'),(26,'Comedies'),(27,'Horror Movies Sci-Fi & Fantasy'),(28,'Dramas Independent Movies International Movies'),(29,'TV Comedies'),(30,'British TV Shows International TV Shows TV Comedies'),(31,'International TV Shows TV Dramas TV Thrillers'),(32,'Action & Adventure Dramas International Movies'),(33,'Kids\' TV TV Comedies'),(34,'Action & Adventure Dramas'),(35,'Docuseries Reality TV'),(36,'Kids\' TV TV Sci-Fi & Fantasy'),(37,'Action & Adventure Classic Movies Dramas'),(38,'Dramas Horror Movies Thrillers'),(39,'Action & Adventure Horror Movies Thrillers'),(40,'Action & Adventure'),(41,'International TV Shows Romantic TV Shows TV Comedies'),(42,'Dramas Thrillers'),(43,'International TV Shows TV Dramas'),(44,'International TV Shows TV Dramas TV Sci-Fi & Fantasy'),(45,'Action & Adventure Anime Features International Movies'),(46,'Reality TV'),(47,'TV Dramas TV Horror TV Mysteries'),(48,'Docuseries International TV Shows'),(49,'Documentaries International Movies Sports Movies'),(50,'International TV Shows Reality TV Romantic TV Shows'),(51,'British TV Shows Docuseries International TV Shows'),(52,'Anime Series International TV Shows'),(53,'Comedies Dramas International Movies'),(54,'Crime TV Shows TV Comedies TV Dramas'),(55,'Anime Series Kids\' TV'),(56,'International Movies Thrillers'),(57,'British TV Shows Reality TV'),(58,'Sci-Fi & Fantasy Thrillers'),(59,'Dramas International Movies Romantic Movies'),(60,'Documentaries Music & Musicals'),(61,'Kids\' TV TV Comedies TV Sci-Fi & Fantasy'),(62,'British TV Shows Kids\' TV'),(63,'Action & Adventure, Anime Features, International Movies'),(64,'Action & Adventure, Anime Features, International Movies'),(65,'Children & Family Movies'),(66,'Kids\' TV'),(67,'Docuseries, International TV Shows'),(68,'Kids\' TV, TV Comedies'),(69,'Documentaries, International Movies, Sports Movies'),(70,'International TV Shows, TV Dramas'),(71,'International TV Shows, Reality TV, Romantic TV Shows'),(72,'Children & Family Movies'),(73,'British TV Shows, Docuseries, International TV Shows'),(74,'Dramas, International Movies'),(75,'Reality TV'),(76,'Children & Family Movies'),(77,'Anime Series, International TV Shows'),(78,'Children & Family Movies, Comedies'),(79,'Comedies, Dramas, International Movies'),(80,'Comedies, Dramas, International Movies'),(81,'Children & Family Movies'),(82,'Action & Adventure'),(83,'Crime TV Shows, TV Comedies, TV Dramas'),(84,'Reality TV'),(85,'Action & Adventure, Comedies, Dramas'),(86,'Anime Series, Kids\' TV'),(87,'International Movies, Thrillers'),(88,'Kids\' TV, Korean TV Shows'),(89,'Documentaries, Sports Movies'),(90,'Kids\' TV'),(91,'Sci-Fi & Fantasy, Thrillers'),(92,'Documentaries, International Movies'),(93,'International TV Shows, TV Dramas, TV Mysteries'),(94,'Dramas, International Movies, Romantic Movies'),(95,'Children & Family Movies, Comedies'),(96,'Reality TV'),(97,'Documentaries, Music & Musicals'),(98,'Kids\' TV, TV Comedies, TV Sci-Fi & Fantasy'),(99,'British TV Shows, Kids\' TV'),(100,'TV Comedies, TV Dramas'),(101,'Kids\' TV'),(102,'Documentaries, Sports Movies'),(103,'Docuseries, Science & Nature TV'),(104,'Dramas, International Movies, Thrillers'),(105,'Kids\' TV, Korean TV Shows'),(106,'Action & Adventure, Comedies, Dramas'),(107,'Kids\' TV, TV Comedies'),(108,'Children & Family Movies, Dramas'),(109,'Kids\' TV, TV Dramas, Teen TV Shows'),(110,'Crime TV Shows, International TV Shows, Spanish-Language TV Shows'),(111,'Docuseries, International TV Shows, Spanish-Language TV Shows'),(112,'Kids\' TV'),(113,'Dramas'),(114,'Comedies, Romantic Movies'),(115,'Dramas, International Movies, Thrillers'),(116,'Dramas, Romantic Movies'),(117,'Comedies, Dramas, Independent Movies'),(118,'Documentaries'),(119,'Dramas, International Movies, Thrillers'),(120,'Dramas, International Movies, Romantic Movies'),(121,'Kids\' TV, TV Comedies'),(122,'International TV Shows, Romantic TV Shows, TV Comedies'),(123,'Thrillers'),(124,'Kids\' TV'),(125,'Kids\' TV, Korean TV Shows'),(126,'Crime TV Shows, TV Action & Adventure, TV Comedies'),(127,'Dramas, International Movies, Romantic Movies'),(128,'Children & Family Movies, Comedies'),(129,'Dramas, International Movies, Thrillers'),(130,'Dramas'),(131,'Children & Family Movies, Music & Musicals'),(132,'Action & Adventure, Classic Movies, Cult Movies'),(133,'International TV Shows, TV Action & Adventure, TV Comedies'),(134,'Action & Adventure, Sci-Fi & Fantasy'),(135,'Action & Adventure, Dramas'),(136,'Action & Adventure'),(137,'Dramas, Romantic Movies'),(138,'Action & Adventure, Comedies'),(139,'Dramas, Romantic Movies'),(140,'Classic Movies, Comedies, Dramas'),(141,'Dramas, International Movies, Thrillers'),(142,'Action & Adventure'),(143,'Dramas'),(144,'Action & Adventure, Sci-Fi & Fantasy'),(145,'Comedies, Cult Movies'),(146,'Comedies, Cult Movies, Music & Musicals'),(147,'Comedies, Music & Musicals'),(148,'Reality TV'),(149,'TV Shows'),(150,'Action & Adventure, Comedies'),(151,'Thrillers'),(152,'Action & Adventure, International Movies'),(153,'Comedies'),(154,'Kids\' TV'),(155,'Anime Series, International TV Shows, Teen TV Shows'),(156,'Action & Adventure, Children & Family Movies, Cult Movies'),(157,'Comedies, Dramas, Romantic Movies'),(158,'Sci-Fi & Fantasy, Thrillers'),(159,'Comedies, Romantic Movies'),(160,'Comedies, Dramas, International Movies'),(161,'TV Comedies'),(162,'Comedies, Cult Movies, Sci-Fi & Fantasy'),(163,'Dramas'),(164,'Comedies, Romantic Movies'),(165,'Action & Adventure, Comedies'),(166,'Crime TV Shows, International TV Shows, Spanish-Language TV Shows'),(167,'Classic Movies, Dramas'),(168,'Children & Family Movies, Comedies'),(169,'Action & Adventure, Children & Family Movies, Comedies'),(170,'Action & Adventure, Dramas'),(171,'Documentaries, Music & Musicals'),(172,'Dramas, Faith & Spirituality'),(173,'Comedies, Music & Musicals'),(174,'Documentaries, LGBTQ Movies'),(175,'Action & Adventure, Dramas'),(176,'Dramas, Romantic Movies'),(177,'Action & Adventure, Comedies'),(178,'Action & Adventure, Classic Movies'),(179,'Action & Adventure, Comedies'),(180,'Comedies, Romantic Movies'),(181,'Comedies, Romantic Movies'),(182,'Docuseries'),(183,'Comedies'),(184,'Action & Adventure, Classic Movies'),(185,'Reality TV'),(186,'Documentaries, Sports Movies'),(187,'International TV Shows, Romantic TV Shows, TV Comedies'),(188,'International TV Shows, TV Comedies'),(189,'Comedies, International Movies'),(190,'Kids\' TV, TV Comedies'),(191,'Dramas, International Movies'),(192,'Dramas, Independent Movies'),(193,'Action & Adventure, Comedies, International Movies'),(194,'International TV Shows, TV Dramas'),(195,'International TV Shows, Spanish-Language TV Shows, TV Dramas'),(196,'Comedies, Dramas, International Movies'),(197,'Comedies, Romantic Movies'),(198,'Kids\' TV, TV Comedies'),(199,'Crime TV Shows, International TV Shows, TV Dramas');
/*!40000 ALTER TABLE `generos` ENABLE KEYS */;
UNLOCK TABLES;

--
-- Table structure for table `paises`
--

DROP TABLE IF EXISTS `paises`;
/*!40101 SET @saved_cs_client     = @@character_set_client */;
/*!50503 SET character_set_client = utf8mb4 */;
CREATE TABLE `paises` (
  `id` int NOT NULL AUTO_INCREMENT,
  `nombre` varchar(100) COLLATE utf8mb4_unicode_ci NOT NULL,
  PRIMARY KEY (`id`)
) ENGINE=InnoDB AUTO_INCREMENT=200 DEFAULT CHARSET=utf8mb4 COLLATE=utf8mb4_unicode_ci;
/*!40101 SET character_set_client = @saved_cs_client */;

--
-- Dumping data for table `paises`
--

LOCK TABLES `paises` WRITE;
/*!40000 ALTER TABLE `paises` DISABLE KEYS */;
INSERT INTO `paises` VALUES (1,'United States'),(2,'France United States'),(3,'South Korea'),(4,'India'),(5,'Germany Czech Republic'),(6,'Mexico'),(7,'South Africa'),(8,'Turkey'),(9,'Australia'),(10,'United States India France'),(11,'United Kingdom'),(12,'Finland'),(13,'China Canada United States'),(14,'South Africa United States Japan'),(15,'Nigeria'),(16,'Japan'),(17,'United States Ghana Burkina Faso United Kingdom Germany Ethiopia'),(18,'Spain United States'),(19,'France'),(20,'Belgium'),(21,'United Kingdom United States'),(22,'United States United Kingdom'),(23,''),(24,''),(25,'India'),(26,'Australia'),(27,''),(28,'United States'),(29,'United States'),(30,'United States, India, France'),(31,''),(32,''),(33,'United Kingdom'),(34,''),(35,''),(36,''),(37,''),(38,'Finland'),(39,'China, Canada, United States'),(40,'India'),(41,'United States'),(42,'United States'),(43,'United States'),(44,'United States'),(45,'United States'),(46,''),(47,'South Africa, United States, Japan'),(48,''),(49,'United States'),(50,'Nigeria'),(51,'India'),(52,'Japan'),(53,'Japan'),(54,'Japan'),(55,'Japan'),(56,'United States'),(57,'Japan'),(58,'Japan'),(59,'Japan'),(60,'Japan'),(61,'Japan'),(62,'Japan'),(63,'Japan'),(64,'Japan'),(65,''),(66,'United Kingdom'),(67,'India'),(68,'United States'),(69,''),(70,'India'),(71,''),(72,''),(73,'United Kingdom'),(74,'Nigeria'),(75,''),(76,''),(77,'Japan'),(78,''),(79,''),(80,''),(81,''),(82,'United States'),(83,'United States'),(84,''),(85,'Nigeria'),(86,''),(87,''),(88,''),(89,''),(90,''),(91,'Spain, United States'),(92,'France'),(93,'Belgium'),(94,''),(95,'United Kingdom, United States'),(96,'United States, United Kingdom'),(97,'United States'),(98,'United States'),(99,'United Kingdom'),(100,'France, United States'),(101,''),(102,'United States'),(103,''),(104,''),(105,'South Korea'),(106,'India'),(107,'United States'),(108,'United States'),(109,'Australia'),(110,'Spain'),(111,''),(112,'United States, Singapore'),(113,''),(114,''),(115,'India'),(116,'United Kingdom, Australia, France'),(117,'India'),(118,'United Kingdom, United States'),(119,'India'),(120,''),(121,'Australia'),(122,''),(123,'United Kingdom, Australia, France, United States'),(124,''),(125,'South Korea'),(126,'United States'),(127,'India'),(128,'United States, Canada'),(129,''),(130,'Germany, United States'),(131,''),(132,'United States'),(133,''),(134,'South Africa, United States'),(135,'United States, Mexico'),(136,'United States, Italy, France, Japan'),(137,'United States, Italy, Romania, United Kingdom'),(138,'Australia, United States'),(139,'United States'),(140,'United States'),(141,'Argentina, Venezuela'),(142,'United States, United Kingdom, Canada'),(143,'Germany, United States'),(144,'United States'),(145,'United States'),(146,'United States'),(147,'United States'),(148,''),(149,''),(150,'United States'),(151,'United States'),(152,'China, Hong Kong'),(153,'United States'),(154,'Russia'),(155,'Japan'),(156,'United Kingdom, United States'),(157,'United States'),(158,'Canada'),(159,'United States'),(160,'Hong Kong'),(161,'United States'),(162,'United States'),(163,'United States, China, Hong Kong'),(164,'United States'),(165,'United States'),(166,''),(167,'Italy, United States'),(168,'United States, Canada'),(169,'United States'),(170,'United States'),(171,'United States'),(172,'United States'),(173,'United States, Germany'),(174,'United States'),(175,'United States'),(176,'United States'),(177,'United States'),(178,'United Kingdom, United States'),(179,'United States'),(180,'United States'),(181,''),(182,''),(183,'United States'),(184,'United States'),(185,'United States'),(186,''),(187,''),(188,''),(189,'France'),(190,''),(191,'India'),(192,'United Kingdom, Canada, United States'),(193,'India'),(194,', South Korea'),(195,''),(196,'India'),(197,''),(198,''),(199,'Nigeria');
/*!40000 ALTER TABLE `paises` ENABLE KEYS */;
UNLOCK TABLES;
/*!40103 SET TIME_ZONE=@OLD_TIME_ZONE */;

/*!40101 SET SQL_MODE=@OLD_SQL_MODE */;
/*!40014 SET FOREIGN_KEY_CHECKS=@OLD_FOREIGN_KEY_CHECKS */;
/*!40014 SET UNIQUE_CHECKS=@OLD_UNIQUE_CHECKS */;
/*!40101 SET CHARACTER_SET_CLIENT=@OLD_CHARACTER_SET_CLIENT */;
/*!40101 SET CHARACTER_SET_RESULTS=@OLD_CHARACTER_SET_RESULTS */;
/*!40101 SET COLLATION_CONNECTION=@OLD_COLLATION_CONNECTION */;
/*!40111 SET SQL_NOTES=@OLD_SQL_NOTES */;

-- Dump completed on 2025-11-04  0:01:26
